timestamp,seed,L_m,Np,Nt,td_fixed_count,tl_fixed_count,cond_n_throats,cond_n_positive,dir_rate,dir_D_eff,neu_rate_imposed,neu_rate_calc,neu_D_eff,porosity,tau_dir,tau_neu,density,error
2025-11-19T21:49:34.620922,100,1e-08,122,170,152,70,170,170,1.4860299335363053e-14,1.486029933536305e-06,1e-12,9.999999999999984e-13,1.45339946074943e-06,0.3087436836710373,4.352022170743865,4.449730023846486,10000000000000.0,
2025-11-19T21:49:41.773857,101,1e-08,126,173,157,76,173,173,1.5810833061156873e-14,1.5810833061156871e-06,1e-12,9.999999999999967e-13,1.5140706092048387e-06,0.3138651769300675,4.158234294421196,4.342277556843869,10000000000000.0,
2025-11-19T21:49:50.157412,102,1e-08,119,164,152,70,164,164,1.3534100993698245e-14,1.3534100993698243e-06,1e-12,9.99999999999999e-13,1.3099016262353033e-06,0.3191558044749708,4.939624200570472,5.103694160116078,10000000000000.0,
2025-11-19T21:50:10.623639,103,1e-08,117,158,154,72,158,158,1.6817060960152474e-14,1.6817060960152475e-06,1e-12,9.999999999999972e-13,1.6298331758364897e-06,0.32361434082516516,4.03086483823269,4.159155716774716,10000000000000.0,
2025-11-19T21:50:19.668193,104,1e-08,124,172,156,72,172,172,1.4559474796581802e-14,1.45594747965818e-06,1e-12,9.999999999999965e-13,1.4247809262789408e-06,0.30365415594910966,4.368718842874278,4.464282944347008,10000000000000.0,
2025-11-19T21:50:25.306174,105,1e-08,120,168,148,68,168,168,1.826188472968494e-14,1.826188472968494e-06,1e-12,9.999999999999961e-13,1.7744044526822661e-06,0.2929416761159873,3.360130465214594,3.458192135377795,10000000000000.0,
2025-11-19T21:50:31.818316,106,1e-08,128,178,163,74,178,178,1.6098199637347923e-14,1.6098199637347923e-06,1e-12,9.999999999999986e-13,1.562235816733609e-06,0.31567130568953444,4.107507574991605,4.23261816467552,10000000000000.0,
2025-11-19T21:50:38.036362,107,1e-08,122,166,155,75,166,166,1.503845734533295e-14,1.503845734533295e-06,1e-12,1.0000000000000036e-12,1.4486358786178029e-06,0.31708247213998303,4.416614790298028,4.584939122040551,10000000000000.0,
2025-11-19T21:50:43.702194,100,1.5848931924611143e-08,86,134,89,34,134,134,6.607320380723249e-15,4.181848342229905e-07,1e-12,9.999999999999982e-13,4.0097331379614524e-07,0.08810079809865809,4.412981829088559,4.602406222885672,10000000000000.0,
2025-11-19T21:50:48.944928,101,1.5848931924611143e-08,85,132,89,35,132,132,7.6762080948836e-15,4.858359553723798e-07,1e-12,9.99999999999995e-13,4.7476060328613426e-07,0.09517925504502915,4.103677508715885,4.19940927951331,10000000000000.0,
2025-11-19T21:50:54.237639,102,1.5848931924611143e-08,83,128,98,35,128,128,7.355899045595116e-15,4.655632307338682e-07,1e-12,9.99999999999998e-13,4.514778616628588e-07,0.10471966870803896,4.7116189693943715,4.8586137563844956,10000000000000.0,
2025-11-19T21:50:59.958342,103,1.5848931924611143e-08,89,130,113,44,130,130,8.097959666929904e-15,5.125290928436649e-07,1e-12,1.0000000000000036e-12,4.995600714048173e-07,0.10428108625215846,4.2619426287677635,4.372586430159242,10000000000000.0,
2025-11-19T21:51:05.496278,104,1.5848931924611143e-08,86,134,89,34,134,134,8.220009587566104e-15,5.202537713649433e-07,1e-12,9.999999999999994e-13,5.053428567267929e-07,0.09962391345743779,4.011150304046363,4.1295054346043125,10000000000000.0,
2025-11-19T21:51:12.221899,105,1.5848931924611143e-08,84,132,85,32,132,132,7.91471330174291e-15,5.009312216292983e-07,1e-12,9.99999999999997e-13,4.793461676667563e-07,0.09407510617918576,3.933844525101537,4.110986332175707,10000000000000.0,
2025-11-19T21:51:17.761368,106,1.5848931924611143e-08,94,144,109,40,144,144,8.576755218549459e-15,5.428326087689532e-07,1e-12,9.999999999999967e-13,5.27460504356712e-07,0.14352472050440987,5.53836222684204,5.699770108040008,10000000000000.0,
2025-11-19T21:51:23.225438,107,1.5848931924611143e-08,82,126,92,35,126,126,6.90638327646612e-15,4.371128655991216e-07,1e-12,9.999999999999937e-13,3.933092994224322e-07,0.12407770238920719,5.945942824875043,6.608153203309261,10000000000000.0,
2025-11-19T21:51:28.867981,100,2.511886431509582e-08,86,134,89,34,134,134,4.3944593954485575e-15,1.7507806356368755e-07,1e-12,9.999999999999937e-13,1.694609149060734e-07,0.035484829425823414,4.245526565495786,4.3862537288151735,10000000000000.0,
2025-11-19T21:51:43.537101,101,2.511886431509582e-08,88,135,92,37,135,135,5.434526167577808e-15,2.1651498675608798e-07,1e-12,9.99999999999995e-13,2.0573235212403036e-07,0.039407437978506425,3.812508435175448,4.012325746666405,10000000000000.0,
2025-11-19T21:51:52.746843,102,2.511886431509582e-08,83,128,92,34,128,128,5.120957771602108e-15,2.0402222197617962e-07,1e-12,9.999999999999947e-13,1.9752490690177769e-07,0.0594656437738683,6.105331182003627,6.306157806581022,10000000000000.0,
2025-11-19T21:51:58.745106,103,2.511886431509582e-08,89,130,113,44,130,130,6.2630263078134734e-15,2.495229604706563e-07,1e-12,9.999999999999972e-13,2.3784017801838837e-07,0.045581363027801886,3.826461681599553,4.014418652370954,10000000000000.0,
2025-11-19T21:52:03.803247,104,2.511886431509582e-08,86,134,89,34,134,134,5.594615673947959e-15,2.2289305473896252e-07,1e-12,9.999999999999998e-13,2.1764243426029529e-07,0.06701738394034025,6.298128394199041,6.450070647722575,10000000000000.0,
2025-11-19T21:52:08.836267,105,2.511886431509582e-08,84,132,85,32,132,132,5.603573854886543e-15,2.2324995437794992e-07,1e-12,1.0000000000000046e-12,2.138331944964075e-07,0.0505006602909906,4.738340356188232,4.947006805175863,10000000000000.0,
2025-11-19T21:52:13.994723,106,2.511886431509582e-08,94,144,109,40,144,144,6.046158063743019e-15,2.4088279138418406e-07,1e-12,9.999999999999961e-13,2.3289690322896417e-07,0.07378260238067641,6.416065209192713,6.636068044983268,10000000000000.0,
2025-11-19T21:52:19.399262,107,2.511886431509582e-08,82,126,92,34,126,126,4.559299743223057e-15,1.8164540809653614e-07,1e-12,9.99999999999998e-13,1.6283561800652415e-07,0.1139950001784791,13.145646676018695,14.664152624535859,10000000000000.0,
2025-11-19T21:52:24.606491,100,3.981071705534969e-08,86,134,89,34,134,134,3.086012941796166e-15,7.7538013612969e-08,1e-12,1.0000000000000054e-12,7.578014197476528e-08,0.041690379928281215,11.262680319286101,11.52394066780882,10000000000000.0,
2025-11-19T21:52:29.644228,101,3.981071705534969e-08,85,132,89,34,132,132,4.603450571020964e-15,1.15664587211582e-07,1e-12,9.999999999999965e-13,1.0514455475770585e-07,0.02580752385359985,4.673761001672473,5.141385003053787,10000000000000.0,
2025-11-19T21:52:35.257532,102,3.981071705534969e-08,83,128,92,34,128,128,4.49342480588421e-15,1.1290012075085955e-07,1e-12,9.99999999999998e-13,1.0747514998579236e-07,0.04441916261109474,8.24131541302755,8.657308274514902,10000000000000.0,
2025-11-19T21:52:40.401579,103,3.981071705534969e-08,89,130,113,44,130,130,4.0745039908373746e-15,1.0237447213159232e-07,1e-12,1.0000000000000075e-12,9.691017468387915e-08,0.034033849822643694,6.963698794267564,7.356348190187901,10000000000000.0,
2025-11-19T21:52:45.416897,104,3.981071705534969e-08,86,134,89,34,134,134,4.45307288105359e-15,1.1188625329280376e-07,1e-12,1.0000000000000006e-12,1.0728705746958078e-07,0.03860126066486919,7.226788298450027,7.53658721866901,10000000000000.0,
2025-11-19T21:52:58.490258,105,3.981071705534969e-08,84,132,85,32,132,132,4.3886374626087535e-15,1.1026727292986818e-07,1e-12,9.999999999999986e-13,1.0219000094342391e-07,0.04774855608517003,9.070561753104458,9.787514426294331,10000000000000.0,
2025-11-19T21:53:05.380484,106,3.981071705534969e-08,94,144,109,40,144,144,4.266037649832868e-15,1.071868756239414e-07,1e-12,1.0000000000000012e-12,1.0257366930902296e-07,0.03958141340302974,7.735177102508112,8.08306333975286,10000000000000.0,
2025-11-19T21:53:10.858366,107,3.981071705534969e-08,82,126,92,34,126,126,3.663267973990087e-15,9.204190889422329e-08,1e-12,1.0000000000000014e-12,8.24969669495904e-08,0.09075196444307058,20.653373208929395,23.042979221481673,10000000000000.0,
2025-11-19T21:53:16.155340,100,1e-07,122,170,152,70,170,170,2.3652618010691505e-15,2.3652618010691505e-08,1e-12,1.0000000000000054e-12,2.254372581759393e-08,0.03104467135794632,27.49339831390268,28.8457575023832,10000000000000.0,
2025-11-19T21:53:21.236562,101,1e-07,121,168,152,70,168,168,1.895756384540445e-15,1.895756384540445e-08,1e-12,1.0000000000000058e-12,1.820253664305034e-08,0.0045526128937327165,5.030356587764243,5.23901190519514,10000000000000.0,
2025-11-19T21:53:26.219370,102,1e-07,119,164,152,70,164,164,2.084496475554713e-15,2.0844964755547133e-08,1e-12,1.0000000000000048e-12,2.0165097039684152e-08,0.006463856099599344,6.495477602651116,6.714473103266011,10000000000000.0,
2025-11-19T21:53:31.461268,103,1e-07,117,158,154,72,158,158,1.7991648009721056e-15,1.7991648009721057e-08,1e-12,1.0000000000000006e-12,1.7361633324570696e-08,0.0055245734732916165,6.432034765665823,6.665438863195761,10000000000000.0,
2025-11-19T21:53:36.788914,104,1e-07,124,172,156,72,172,172,1.9839843618222943e-15,1.9839843618222945e-08,1e-12,9.999999999999992e-13,1.911076837000074e-08,0.016149988071458087,17.05118382868694,17.701685987558633,10000000000000.0,
2025-11-19T21:53:41.635442,105,1e-07,120,168,148,68,168,168,2.3484908633896378e-15,2.348490863389638e-08,1e-12,9.999999999999994e-13,2.251666883435469e-08,0.01172153910434308,10.454814730477757,10.90438246153745,10000000000000.0,
2025-11-19T21:53:50.001304,106,1e-07,128,178,163,74,178,178,2.0255830091076894e-15,2.0255830091076895e-08,1e-12,1.000000000000002e-12,1.9570102726935258e-08,0.006806624630726862,7.038860056087473,7.285498462649307,10000000000000.0,
2025-11-19T21:53:56.159922,107,1e-07,118,162,151,70,162,162,2.0222880320073224e-15,2.0222880320073227e-08,1e-12,1.0000000000000004e-12,1.932950120840907e-08,0.007412944794883609,7.678357512864826,8.033239107579684,10000000000000.0,
2025-11-19T21:54:01.499045,100,1.584893192461114e-07,45,62,44,19,62,62,1.2046878563310667e-15,7.729428843967085e-09,1e-12,1e-12,6.4074905580005835e-09,0.05210512018862271,141.20613754874785,170.33857211879422,10000000000000.0,
2025-11-19T21:54:08.782245,101,1.584893192461114e-07,40,53,37,17,53,53,3.5110791779682487e-16,3.4551577022004e-09,1e-12,9.999999999999945e-13,3.3724811530375076e-09,0.004920497883936796,29.83058362005619,30.561881913895437,10000000000000.0,
2025-11-19T21:54:14.720793,102,1.584893192461114e-07,37,49,37,16,49,49,8.187406112258497e-16,5.6717512459624474e-09,1e-12,1.0000000000000018e-12,5.303086894065569e-09,0.004526054454972903,16.71564637803868,17.877698417086574,10000000000000.0,
2025-11-19T21:54:19.792309,103,1.584893192461114e-07,54,72,68,29,72,72,5.008240561483334e-16,5.229102461356599e-09,1e-12,9.999999999999974e-13,5.147294516181171e-09,0.002608925604245006,10.450934325650644,10.617035072296698,10000000000000.0,
2025-11-19T21:54:25.094289,104,1.584893192461114e-07,42,56,40,18,56,56,6.438562980769839e-16,6.7852537347540065e-09,1e-12,9.999999999999976e-13,6.385546061756727e-09,0.014750429432834842,45.53644754086052,48.38683297494706,10000000000000.0,
2025-11-19T21:54:31.242137,105,1.584893192461114e-07,43,60,40,17,60,60,6.372461590437753e-16,4.039383180335357e-09,1e-12,1.0000000000000046e-12,3.682301732157621e-09,0.011085221821524329,57.48438779668756,63.05878390409843,10000000000000.0,
2025-11-19T21:54:36.393868,106,1.584893192461114e-07,49,66,51,22,66,66,8.362307009284189e-16,6.296027924295532e-09,1e-12,1.0000000000000026e-12,5.713525519456159e-09,0.001930960158060069,6.424321144722819,7.079290218286643,10000000000000.0,
2025-11-19T21:54:41.407215,107,1.584893192461114e-07,38,49,38,17,49,49,3.112594460783491e-16,2.846505705047405e-09,1e-12,1.0000000000000054e-12,2.7079764766555384e-09,0.006591488930846961,48.505618178925744,50.98697129145199,10000000000000.0,
2025-11-19T21:54:46.392112,100,2.5118864315095823e-07,45,62,44,19,62,62,7.058409380886289e-16,2.858451601289146e-09,1e-12,1.0000000000000026e-12,2.3839236060989884e-09,0.0044281158280558,32.4495519363125,38.90874416284305,10000000000000.0,
2025-11-19T21:54:51.335401,101,2.5118864315095823e-07,40,53,37,17,53,53,2.214739866772952e-16,1.3754734599037605e-09,1e-12,1.000000000000004e-12,1.3429249812466478e-09,0.009463324806271295,144.11596920100044,147.6089085782495,10000000000000.0,
2025-11-19T21:54:56.451315,102,2.5118864315095823e-07,37,49,37,16,49,49,6.788461438165202e-16,2.96618827174699e-09,1e-12,1.0000000000000016e-12,2.678499827505851e-09,0.00913191716647759,64.48873015741108,71.41524262515613,10000000000000.0,
2025-11-19T21:55:01.419530,103,2.5118864315095823e-07,54,72,68,29,72,72,3.2336929074111677e-16,2.1310364032661448e-09,1e-12,9.999999999999978e-13,2.092098103733002e-09,0.0008718620039694398,8.569933621209907,8.7294379206146,10000000000000.0,
2025-11-19T21:55:06.271522,104,2.5118864315095823e-07,42,56,40,18,56,56,5.413068945624633e-16,3.6002461525289425e-09,1e-12,1.0000000000000018e-12,3.1770582678690365e-09,0.008583165578972589,49.93854342535776,56.590415935504986,10000000000000.0,
2025-11-19T21:55:11.245471,105,2.5118864315095823e-07,43,60,40,17,60,60,5.101138462225883e-16,2.0382488995736717e-09,1e-12,9.999999999999937e-13,1.815824341607714e-09,0.014855299340496892,152.6668575191068,171.36737690396873,10000000000000.0,
2025-11-19T21:55:16.260416,106,2.5118864315095823e-07,49,66,51,22,66,66,6.184867809544535e-16,2.9391533740071868e-09,1e-12,1e-12,2.651698678553336e-09,0.006509546853995286,46.39263958283287,51.42178644270873,10000000000000.0,
2025-11-19T21:55:22.547570,107,2.5118864315095823e-07,38,49,38,17,49,49,1.9934023662264794e-16,1.1502644807906436e-09,1e-12,1.000000000000002e-12,1.0926489526543746e-09,0.006883662027346947,125.3552147473889,131.9652122994488,10000000000000.0,
2025-11-19T21:55:27.919391,100,3.981071705534969e-07,86,134,89,34,134,134,8.97806880419997e-16,2.2552295413715075e-09,1e-12,1.0000000000000002e-12,1.895045074175118e-09,0.056358946079283316,523.4710719254481,622.9653539895627,10000000000000.0,
2025-11-19T21:55:34.361599,101,3.981071705534969e-07,85,132,89,34,132,132,3.2452838734414497e-15,8.151931357551996e-09,1e-12,9.999999999999994e-13,2.018404790215081e-09,0.011672625872616358,29.993602191533125,121.13813216081628,10000000000000.0,
2025-11-19T21:55:39.652159,102,3.981071705534969e-07,83,128,92,34,128,128,1.0844503784276216e-15,2.7240652560352212e-09,1e-12,1.0000000000000012e-12,2.216937576421216e-09,0.027594471174116685,212.1901128658083,260.72890832814204,10000000000000.0,
2025-11-19T21:55:44.719280,103,3.981071705534969e-07,89,130,113,44,130,130,9.188086482831514e-16,2.30798454730759e-09,1e-12,9.999999999999998e-13,1.7016285292900256e-09,0.029581168503014482,268.4744762757556,364.1423095142121,10000000000000.0,
2025-11-19T21:55:50.277165,104,3.981071705534969e-07,86,134,89,34,134,134,8.747305139708509e-16,2.197263285533411e-09,1e-12,9.99999999999999e-13,1.882052754381771e-09,0.03001605499226578,286.1489051611829,334.07378302357057,10000000000000.0,
2025-11-19T21:55:55.497543,105,3.981071705534969e-07,84,132,85,32,132,132,1.6507639932274979e-15,4.146606363294393e-09,1e-12,9.999999999999986e-13,2.9886961055383334e-09,0.015348446404462,77.53399956795188,107.572989901636,10000000000000.0,
2025-11-19T21:56:02.355541,106,3.981071705534969e-07,94,144,109,40,144,144,2.1289414447641033e-15,5.3477554502991804e-09,1e-12,9.999999999999967e-13,2.3561995292883244e-09,0.011069898896060066,43.36034116789103,98.41293062199162,10000000000000.0,
2025-11-19T21:56:07.965889,107,3.981071705534969e-07,82,126,92,34,126,126,2.7499560317244185e-15,6.907701662206528e-09,1e-12,1e-12,2.4426700995402595e-09,0.12623377969007468,382.79176731038825,1082.5085744598161,10000000000000.0,
2025-11-19T21:56:13.393085,100,1e-06,122,170,152,70,170,170,9.216176068682607e-16,9.216176068682606e-10,1e-12,9.99999999999996e-13,8.147806340188751e-10,0.011131002197892608,252.99042273878456,286.1634386363027,10000000000000.0,
2025-11-19T21:56:19.300660,101,1e-06,121,168,152,70,168,168,2.408545180711778e-16,2.408545180711778e-10,1e-12,1.0000000000000022e-12,2.1912016782514323e-10,0.0014475674239630683,125.89386854922047,138.38117841227464,10000000000000.0,
2025-11-19T21:56:24.413557,102,1e-06,119,164,152,70,164,164,1.295766440953769e-15,1.2957664409537688e-09,1e-12,1.0000000000000004e-12,1.218441113958454e-09,0.0030479753351440376,49.272579126490406,52.39954049475914,10000000000000.0,
2025-11-19T21:56:30.639344,103,1e-06,117,158,154,72,158,158,4.544845105545667e-16,4.544845105545667e-10,1e-12,1.0000000000000024e-12,4.376696185164945e-10,0.0007312470049373054,33.70276941889375,34.9976009657661,10000000000000.0,
2025-11-19T21:56:35.994014,104,1e-06,124,172,156,72,172,172,6.289455677185125e-16,6.289455677185124e-10,1e-12,1.0000000000000014e-12,5.802659523628598e-10,0.011069387803162445,368.66432784731217,399.59228011106114,10000000000000.0,
2025-11-19T21:56:41.292446,105,1e-06,120,168,148,68,168,168,8.367212699505928e-16,8.367212699505928e-10,1e-12,1.000000000000003e-12,7.191470332635044e-10,0.00884934407832992,221.53933498524168,257.7590744853154,10000000000000.0,
2025-11-19T21:56:50.829107,106,1e-06,128,178,163,74,178,178,8.549471441103037e-16,8.549471441103036e-10,1e-12,1.000000000000005e-12,8.054537806157e-10,0.004877021506528604,119.49121582419166,126.8336882559159,10000000000000.0,
2025-11-19T21:57:00.250459,107,1e-06,118,162,151,70,162,162,1.1321082919277087e-15,1.1321082919277088e-09,1e-12,1.0000000000000046e-12,1.0760926537649187e-09,0.007536765505729565,139.44970731481996,146.70871453833772,10000000000000.0,
2025-11-19T21:57:06.554136,100,1.584893192461114e-06,45,62,44,19,62,62,1.2330416997685767e-15,7.910823123794005e-10,1e-12,9.999999999999965e-13,6.20963693434241e-10,0.031392351826410994,831.2329570907268,1058.9567421962893,10000000000000.0,
2025-11-19T21:57:11.685074,101,1.584893192461114e-06,40,53,37,17,53,53,3.7370826753988e-17,3.677984376090967e-11,1e-12,1.0000000000000032e-12,3.587236762171734e-11,0.005562910184895541,3168.201121803372,3248.348240959743,10000000000000.0,
2025-11-19T21:57:16.818630,102,1.584893192461114e-06,37,49,37,16,49,49,1.2299279953809198e-15,8.51634177884978e-10,1e-12,9.99999999999999e-13,7.63262733033876e-10,0.00816314539110974,200.7821149838845,224.02890122596665,10000000000000.0,
2025-11-19T21:57:22.007641,103,1.584893192461114e-06,54,72,68,29,72,72,1.8607577184146886e-16,1.9423456599848876e-10,1e-12,9.99999999999999e-13,1.9065649578269475e-10,0.001137008089947909,122.61895497499864,124.92015761111493,10000000000000.0,
2025-11-19T21:57:27.214242,104,1.584893192461114e-06,42,56,40,18,56,56,5.289946339002233e-16,5.573968148138508e-10,1e-12,1.0000000000000058e-12,4.6139577380508107e-10,0.009397685472668222,353.16446454747415,426.6461871134577,10000000000000.0,
2025-11-19T21:57:33.487405,105,1.584893192461114e-06,43,60,40,17,60,60,1.4159440107407411e-15,8.967902041060537e-10,1e-12,1.0000000000000026e-12,7.831279587679983e-10,0.014637163076686973,341.8901832863409,391.51171123242347,10000000000000.0,
2025-11-19T21:57:38.828007,106,1.584893192461114e-06,49,66,51,22,66,66,1.0152937990488898e-15,7.644842291211243e-10,1e-12,1.0000000000000062e-12,6.894816545391506e-10,0.002522528838975399,69.11752602689918,76.63620671495751,10000000000000.0,
2025-11-19T21:57:44.238751,107,1.584893192461114e-06,38,49,38,17,49,49,4.996870749461309e-16,4.570317443529466e-10,1e-12,1.0000000000000042e-12,4.3523704752108253e-10,0.016597416186798265,760.7022368988853,798.7947539007357,10000000000000.0,
2025-11-19T21:57:49.520184,100,2.5118864315095823e-06,45,62,44,19,62,62,7.263451878029572e-16,2.940277001342855e-10,1e-12,1.0000000000000004e-12,2.2233145152520537e-10,0.005491667653939697,391.23398657786976,517.3970146766112,10000000000000.0,
2025-11-19T21:57:54.960672,101,2.5118864315095823e-06,40,53,37,17,53,53,4.313602264142e-17,2.678716604927057e-11,1e-12,1.0000000000000034e-12,2.6130692098422473e-11,0.011083295896618953,8666.879002377611,8884.614540295366,10000000000000.0,
2025-11-19T21:58:00.168350,102,2.5118864315095823e-06,37,49,37,16,49,49,2.101279798702442e-15,9.180227514449272e-10,1e-12,9.999999999999994e-13,8.192347653343463e-10,0.008736693450616494,199.34907665213072,223.3877217985322,10000000000000.0,
2025-11-19T21:58:05.324824,103,2.5118864315095823e-06,54,72,68,29,72,72,2.0853516977101462e-16,1.37354577667142e-10,1e-12,1.0000000000000018e-12,1.3477507866206377e-10,0.0012713187960436047,193.87950638375284,197.5902220352416,10000000000000.0,
2025-11-19T21:58:10.332280,104,2.5118864315095823e-06,42,56,40,18,56,56,9.780995444051207e-16,6.502340993581377e-10,1e-12,1.0000000000000042e-12,5.662499194400988e-10,0.00785169971871447,252.93825405278503,290.453158880548,10000000000000.0,
2025-11-19T21:58:15.464774,105,2.5118864315095823e-06,43,60,40,17,60,60,2.4582076359398455e-15,9.82383952000537e-10,1e-12,9.999999999999972e-13,7.885027916489107e-10,0.014437925182015855,307.8535052807668,383.55012354807013,10000000000000.0,
2025-11-19T21:58:20.552068,106,2.5118864315095823e-06,49,66,51,22,66,66,1.205615796187484e-15,5.727460512189363e-10,1e-12,1.000000000000004e-12,5.152324585562649e-10,0.0023498899269485734,85.94210589260564,95.53552181350831,10000000000000.0,
2025-11-19T21:58:25.580290,107,2.5118864315095823e-06,38,49,38,17,49,49,7.967486207367968e-16,4.598179824375854e-10,1e-12,1.0000000000000022e-12,4.376137361587393e-10,0.01616323298885576,736.3136590555756,773.6737519257358,10000000000000.0,
2025-11-19T21:58:31.722777,100,3.981071705534969e-06,45,62,44,19,62,62,2.3845727653299035e-15,6.090490524579358e-10,1e-12,9.99999999999998e-13,4.860385141269534e-10,0.04242769349536199,1459.2097613511635,1828.518310086349,10000000000000.0,
2025-11-19T21:58:37.330145,101,3.981071705534969e-06,40,53,37,17,53,53,1.0915027141982573e-16,4.276807304494924e-11,1e-12,9.99999999999995e-13,4.171530339736831e-11,0.006171813819706317,3022.8298954859365,3099.1170923799327,10000000000000.0,
2025-11-19T21:58:42.696300,102,3.981071705534969e-06,37,49,37,16,49,49,2.2084327902990325e-15,6.087645778984819e-10,1e-12,9.999999999999996e-13,5.444533898575293e-10,0.005604732754090329,192.8528717764992,215.63277825169192,10000000000000.0,
2025-11-19T21:58:48.000455,103,3.981071705534969e-06,54,72,68,29,72,72,7.8583629503804e-16,3.265941436482518e-10,1e-12,9.999999999999996e-13,3.206452134743021e-10,0.0004451799388704715,28.552738503006154,29.082477418454033,10000000000000.0,
2025-11-19T21:58:53.212427,104,3.981071705534969e-06,42,56,40,18,56,56,3.405226156747487e-15,1.4283001076910744e-09,1e-12,9.999999999999965e-13,1.173740672464273e-09,0.012964882244901164,190.13833341192483,231.37530159731259,10000000000000.0,
2025-11-19T21:58:58.231223,105,3.981071705534969e-06,43,60,40,17,60,60,2.537284252523308e-15,6.397811166521346e-10,1e-12,1.000000000000001e-12,5.582940076555022e-10,0.01235382698488187,404.47405820649334,463.5100163493945,10000000000000.0,
2025-11-19T21:59:03.465165,106,3.981071705534969e-06,49,66,51,22,66,66,3.340976379920394e-15,1.001450822568033e-09,1e-12,1.0000000000000008e-12,9.023387423595521e-10,0.004052507222013036,84.76464454336397,94.07511726767225,10000000000000.0,
2025-11-19T21:59:08.415071,107,3.981071705534969e-06,38,49,38,17,49,49,1.6674695060151314e-15,6.071479817855262e-10,1e-12,9.999999999999994e-13,5.777125244266469e-10,0.011548817025602266,398.4405401629441,418.7417782945822,10000000000000.0,
2025-11-19T21:59:13.539053,100,1e-05,122,170,152,70,170,170,8.472982092744296e-15,8.472982092744296e-10,1e-12,1.0000000000000002e-12,7.49595041193308e-10,0.0218217280837439,539.4776121564547,609.7938081289032,10000000000000.0,
2025-11-19T21:59:18.619276,101,1e-05,121,168,152,70,168,168,9.1747127179924e-16,9.174712717992398e-11,1e-12,1.0000000000000042e-12,8.282428487089757e-11,0.0074058114425753765,1690.833140039391,1872.9903117308147,10000000000000.0,
2025-11-19T21:59:23.881169,102,1e-05,119,164,152,70,164,164,9.380620646667876e-15,9.380620646667874e-10,1e-12,9.999999999999988e-13,8.813684061678154e-10,0.007759040149022173,173.25947775987206,184.40432206684866,10000000000000.0,
2025-11-19T21:59:29.003588,103,1e-05,117,158,154,72,158,158,6.259492473689302e-15,6.259492473689301e-10,1e-12,1.0000000000000028e-12,6.01766853768508e-10,0.0030007999065778646,100.41960097321143,104.45502815023853,10000000000000.0,
2025-11-19T21:59:35.411413,104,1e-05,124,172,156,72,172,172,7.818699756697122e-15,7.818699756697122e-10,1e-12,1.0000000000000006e-12,7.365196314733105e-10,0.007704619729660205,206.4130958199252,219.12274338675678,10000000000000.0,
2025-11-19T21:59:40.492062,105,1e-05,120,168,148,68,168,168,1.0569657331603733e-14,1.0569657331603731e-09,1e-12,1.0000000000000006e-12,8.746584810331098e-10,0.010916836502638513,216.34978785132174,261.4441145820286,10000000000000.0,
2025-11-19T21:59:50.402698,106,1e-05,128,178,163,74,178,178,1.1623596057089064e-14,1.1623596057089063e-09,1e-12,9.99999999999994e-13,1.0907077716799025e-09,0.005261949981619309,94.82585819083225,101.05525054427866,10000000000000.0,
2025-11-19T22:00:02.563174,107,1e-05,118,162,151,70,162,162,9.87379802804239e-15,9.87379802804239e-10,1e-12,1.0000000000000044e-12,9.383108735780012e-10,0.005744729584641151,121.87255791619086,128.2458784087973,10000000000000.0,
2025-11-19T22:00:11.437922,100,1.584893192461114e-05,86,134,89,34,134,134,9.896253767138158e-15,6.244126574802137e-10,1e-12,1.000000000000001e-12,4.976434387096851e-10,0.061975804532962295,2079.079280801143,2608.701969834346,10000000000000.0,
2025-11-19T22:00:18.797726,101,1.584893192461114e-05,85,132,89,34,132,132,3.0826375622163023e-13,1.94501672811129e-08,1e-12,9.999999999999992e-13,1.0937699801770733e-09,0.01524424627403932,16.4173550567756,291.94465742789413,10000000000000.0,
2025-11-19T22:00:25.009790,102,1.584893192461114e-05,83,128,92,34,128,128,3.8590733848899004e-14,2.43491559975134e-09,1e-12,9.999999999999982e-13,2.020043498134593e-09,0.029058477038867714,249.9824454916898,301.32329167851833,10000000000000.0,
2025-11-19T22:00:31.037469,103,1.584893192461114e-05,89,130,113,44,130,130,2.69401861363362e-14,1.6998142543858692e-09,1e-12,9.999999999999996e-13,1.2355992464776914e-09,0.021640879048953718,266.6821858862383,366.87476319887384,10000000000000.0,
2025-11-19T22:00:39.049913,104,1.584893192461114e-05,86,134,89,34,134,134,2.254697845317942e-14,1.4226210306822191e-09,1e-12,9.999999999999994e-13,1.19304237755222e-09,0.0474671787084931,698.9156579076658,833.4088816296253,10000000000000.0,
2025-11-19T22:00:44.646750,105,1.584893192461114e-05,84,132,85,32,132,132,3.852780049796131e-14,2.430944765754173e-09,1e-12,1e-12,1.0160507917159939e-09,0.028507704820129674,245.6448917891515,587.715859086701,10000000000000.0,
2025-11-19T22:00:49.634571,106,1.584893192461114e-05,94,144,109,40,144,144,5.907512773466841e-14,3.72739608014868e-09,1e-12,9.999999999999998e-13,1.932912840548719e-09,0.04926301995692817,276.84460388443375,533.8624016984708,10000000000000.0,
2025-11-19T22:00:54.910278,107,1.584893192461114e-05,82,126,92,34,126,126,2.398053190761501e-13,1.5130723209569758e-08,1e-12,1.0000000000000012e-12,2.794209211708898e-09,0.0238395661658139,33.00344205193353,178.71458749700287,10000000000000.0,
2025-11-19T22:01:00.002819,100,2.5118864315095822e-05,45,62,44,19,62,62,8.534415928682755e-15,3.4546809786276637e-10,1e-12,1.0000000000000016e-12,2.732388396618407e-10,0.04018183568224574,2436.3652687210324,3080.405685098175,10000000000000.0,
2025-11-19T22:01:05.313837,101,2.5118864315095822e-05,40,53,37,17,53,53,7.084118319633242e-16,4.399202946965826e-11,1e-12,1.0000000000000038e-12,4.291121655117246e-11,0.005884727231508229,2802.030865747815,2872.606146550788,10000000000000.0,
2025-11-19T22:01:10.903771,102,2.5118864315095822e-05,37,49,37,16,49,49,1.389617381358785e-14,6.071033969383549e-10,1e-12,9.999999999999998e-13,5.425384450946697e-10,0.003816091030402783,131.66690843485517,147.33596871872126,10000000000000.0,
2025-11-19T22:01:16.074082,103,2.5118864315095822e-05,54,72,68,29,72,72,8.493289381932168e-15,5.594271242172792e-10,1e-12,1e-12,5.490128270442614e-10,0.0011188270197626156,41.8928591655679,42.68753037047662,10000000000000.0,
2025-11-19T22:01:21.290515,104,2.5118864315095822e-05,42,56,40,18,56,56,1.0857548245155348e-14,7.217899180551836e-10,1e-12,9.999999999999978e-13,6.154097719130561e-10,0.006032970938275324,175.0817976182362,205.34655464274067,10000000000000.0,
2025-11-19T22:01:26.371482,105,2.5118864315095822e-05,43,60,40,17,60,60,1.0653383554078238e-14,4.257439586531913e-10,1e-12,9.999999999999907e-13,3.245058889657557e-10,0.007109137113037056,349.77516632813786,458.8966456840924,10000000000000.0,
2025-11-19T22:01:31.400226,106,2.5118864315095822e-05,49,66,51,22,66,66,1.0355042822197605e-14,4.919479535460693e-10,1e-12,9.999999999999899e-13,4.4276792946544957e-10,0.0020531885491255546,87.42391488069973,97.13444257010495,10000000000000.0,
2025-11-19T22:01:37.769308,107,2.5118864315095822e-05,38,49,38,17,49,49,4.530627020637495e-15,2.614537972546737e-10,1e-12,9.999999999999965e-13,2.4895270874092996e-10,0.01019142765711213,816.5083823007099,857.5091153755886,10000000000000.0,
2025-11-19T22:01:43.034943,100,3.9810717055349695e-05,122,170,152,70,170,170,3.116257863297167e-14,7.82768919736947e-10,1e-12,9.999999999999992e-13,6.761155318980698e-10,0.008951882200768554,239.55286013125811,277.34096422608184,10000000000000.0,
2025-11-19T22:01:48.268429,101,3.9810717055349695e-05,121,168,152,70,168,168,4.474395773823684e-15,1.1239178848459545e-10,1e-12,1.0000000000000018e-12,1.0107680189074422e-10,0.0044874263615457734,836.3408849419143,929.9646019965592,10000000000000.0,
2025-11-19T22:01:53.438304,102,3.9810717055349695e-05,119,164,152,70,164,164,2.97636219056802e-14,7.47628700466965e-10,1e-12,1.0000000000000014e-12,7.010841912139951e-10,0.004958938271226268,138.93872607125272,148.16277491197945,10000000000000.0,
2025-11-19T22:01:58.510244,103,3.9810717055349695e-05,117,158,154,72,158,158,7.394672013133195e-15,1.8574584252809407e-10,1e-12,1.0000000000000016e-12,1.7871884418487981e-10,0.0010655804531012599,120.16769162574869,124.8925328914436,10000000000000.0,
2025-11-19T22:02:04.210660,104,3.9810717055349695e-05,124,172,156,72,172,172,2.169284472213792e-14,5.448998566249255e-10,1e-12,9.999999999999986e-13,5.16439911393825e-10,0.009348914011106567,359.38922063538644,379.1944241261972,10000000000000.0,
2025-11-19T22:02:09.254433,105,3.9810717055349695e-05,120,168,148,68,168,168,6.468975899647295e-14,1.6249339749482662e-09,1e-12,9.999999999999984e-13,1.382524506347567e-09,0.014924459010353172,192.39042482308852,226.12383094435626,10000000000000.0,
2025-11-19T22:02:14.301652,106,3.9810717055349695e-05,128,178,163,74,178,178,2.6275959080328107e-14,6.600225336486951e-10,1e-12,9.999999999999974e-13,6.236102590996621e-10,0.0017784326647005725,56.44158989993937,59.737184604214555,10000000000000.0,
2025-11-19T22:02:19.484022,107,3.9810717055349695e-05,118,162,151,70,162,162,3.633165420382608e-14,9.126102832611856e-10,1e-12,1.0000000000000036e-12,8.676537988762166e-10,0.016212445407642873,372.1206268751545,391.4016294744694,10000000000000.0,
2025-11-19T22:02:24.704042,100,0.0001,122,170,152,70,170,170,8.007902650753913e-14,8.007902650753913e-10,1e-12,1.0000000000000004e-12,7.01540242266119e-10,0.0373424121143676,976.7966419267415,1114.9884136176865,10000000000000.0,
2025-11-19T22:02:29.765272,101,0.0001,121,168,152,70,168,168,1.155437973521542e-14,1.155437973521542e-10,1e-12,1e-12,1.0384048203376487e-10,0.0021591492142871106,391.43224197078655,435.5485140050266,10000000000000.0,
2025-11-19T22:02:35.594562,102,0.0001,119,164,152,70,164,164,9.609217691949744e-14,9.609217691949744e-10,1e-12,1.0000000000000002e-12,9.023277329850183e-10,0.007403161801392973,161.3800272169785,171.85948696608096,10000000000000.0,
2025-11-19T22:02:41.204833,103,0.0001,117,158,154,72,158,158,1.3759303850033025e-14,1.3759303850033024e-10,1e-12,1.000000000000005e-12,1.3248554677379947e-10,0.0005467577900208422,83.23751254113984,86.44642790582284,10000000000000.0,
2025-11-19T22:02:50.131785,104,0.0001,124,172,156,72,172,172,6.37622190854312e-14,6.37622190854312e-10,1e-12,1.0000000000000022e-12,5.905913114632572e-10,0.012513779876756783,411.0982834368252,443.83549682095713,10000000000000.0,
2025-11-19T22:02:56.554172,105,0.0001,120,168,148,68,168,168,1.170847136156089e-13,1.170847136156089e-09,1e-12,1.0000000000000002e-12,1.0188009986715646e-09,0.009641632540624275,172.49279247912511,198.23566363312705,10000000000000.0,
2025-11-19T22:03:02.333628,106,0.0001,128,178,163,74,178,178,3.607703129450375e-14,3.607703129450376e-10,1e-12,9.999999999999955e-13,3.4063674822013777e-10,0.0011231659390254032,65.21292900967657,69.06738315761281,10000000000000.0,
2025-11-19T22:03:07.659454,107,0.0001,118,162,151,70,162,162,1.0476180689058596e-13,1.0476180689058597e-09,1e-12,1.0000000000000008e-12,9.96284702997977e-10,0.008974916673520352,179.45188311320484,188.69810475144618,10000000000000.0,
2025-11-19T22:03:12.724813,100,0.00015848931924611142,367,584,384,146,584,584,1.0467932217819104e-12,6.604819516408429e-09,1e-12,1.0000000000000018e-12,6.685682986761071e-10,0.013809178410842544,43.79529553424683,432.65590552866246,10000000000000.0,
2025-11-19T22:03:17.906775,101,0.00015848931924611142,372,588,398,152,588,588,7.408408370711429e-13,4.674390240042343e-09,1e-12,1.0000000000000018e-12,8.306918727330359e-10,0.013747942943378343,61.60746370326624,346.67165588227624,10000000000000.0,
2025-11-19T22:03:23.417246,102,0.00015848931924611142,356,562,385,146,562,562,2.836772299550053e-13,1.7898825343730166e-09,1e-12,1.0000000000000002e-12,1.2898541831617772e-09,0.012116896353502495,141.80365927698628,196.77564825808383,10000000000000.0,
2025-11-19T22:03:28.504840,103,0.00015848931924611142,367,576,397,154,576,576,1.3820554745165599e-13,8.720181580185918e-10,1e-12,1.0000000000000016e-12,5.324573000345545e-10,0.009662750999556817,232.11106018723567,380.1338795563144,10000000000000.0,
2025-11-19T22:03:34.036373,104,0.00015848931924611142,361,576,362,142,576,576,1.4201138509379369e-12,8.960313730566904e-09,1e-12,1e-12,8.245987593158393e-10,0.017421161532958834,40.726254129433514,442.54252137523275,10000000000000.0,
2025-11-19T22:03:42.568657,105,0.00015848931924611142,376,590,408,158,590,590,1.8551981277802517e-13,1.1705510263344288e-09,1e-12,9.999999999999972e-13,6.505343668937431e-10,0.009484793070263045,169.72979454835578,305.40644018052495,10000000000000.0,
2025-11-19T22:03:48.414208,106,0.00015848931924611142,365,574,391,152,574,574,7.029698562474245e-13,4.4354404760916e-09,1e-12,9.999999999999974e-13,4.380595848334084e-09,0.016414958283174637,77.52175628892516,78.49232102805577,10000000000000.0,
2025-11-19T22:03:53.789198,107,0.00015848931924611142,373,586,412,156,586,586,4.614952255139803e-13,2.9118383734042636e-09,1e-12,9.999999999999998e-13,8.755751421154377e-10,0.008267146524731992,59.471507226675115,197.7801887436296,10000000000000.0,
2025-11-19T22:03:58.983176,100,0.00025118864315095795,1255,2166,987,340,2166,2166,3.160866122156301e-12,1.2583636845606453e-08,1e-12,1.0000000000000004e-12,1.1636731440581094e-08,0.01534998444675082,25.551849374208683,27.631057303374728,10000000000000.0,
2025-11-19T22:04:04.444591,101,0.00025118864315095795,1279,2186,1081,368,2186,2186,1.3257394811769644e-12,5.277864844093101e-09,1e-12,9.99999999999996e-13,1.4681133838876568e-09,0.016380735580443166,65.01232693123134,233.71919261059594,10000000000000.0,
2025-11-19T22:04:09.608861,102,0.00025118864315095795,1307,2240,1095,370,2240,2240,1.651278646952422e-12,6.5738598286404e-09,1e-12,1.0000000000000002e-12,5.5912574077382105e-09,0.01471620869100024,46.89171034606945,55.13241628146848,10000000000000.0,
2025-11-19T22:04:15.015174,103,0.00025118864315095795,1288,2208,1062,364,2208,2208,1.4707164148717897e-12,5.855028511930038e-09,1e-12,1.000000000000018e-12,1.324132669343875e-09,0.013619095383511186,48.72365086606463,215.4454546971432,10000000000000.0,
2025-11-19T22:04:20.232716,104,0.00025118864315095795,1274,2206,974,338,2206,2206,2.239072526538681e-12,8.913909813338189e-09,1e-12,9.99999999999997e-13,1.520376891313247e-09,0.01577346425132677,37.06631612398495,217.31835108102194,10000000000000.0,
2025-11-19T22:04:25.361128,105,0.00025118864315095795,1284,2222,998,342,2222,2222,1.0530407360337118e-12,4.19223139917063e-09,1e-12,9.99999999999991e-13,4.132321510254499e-09,0.019565673657741874,97.76201274787526,99.17935438245246,10000000000000.0,
2025-11-19T22:04:30.846406,106,0.00025118864315095795,1284,2196,1072,368,2196,2196,1.9222002095034713e-12,7.652418181014071e-09,1e-12,9.999999999999933e-13,6.585387755784697e-09,0.012944636110952687,35.433310247113624,41.174569760200086,10000000000000.0,
2025-11-19T22:04:36.452043,107,0.00025118864315095795,1292,2206,1091,374,2206,2206,2.3545876907570538e-12,9.37378404416862e-09,1e-12,1.0000000000000022e-12,8.529553537004278e-09,0.01724213048055298,38.529782612001824,42.343348911145604,10000000000000.0,
2025-11-19T22:04:42.447398,100,0.00039810717055349735,3830,7115,1135,350,7115,7115,4.03152800766523e-12,1.0115980902972363e-08,1e-12,9.999999999999978e-13,9.642556185932068e-09,0.018878958932627494,39.09224538695393,41.01157412654576,10000000000000.0,
2025-11-19T22:04:49.929910,101,0.00039810717055349735,3864,7152,1263,388,7152,7152,5.234443387234659e-12,1.3143610854048287e-08,1e-12,9.99999999999999e-13,1.0617497277595002e-08,0.0220432047925988,35.13019968708476,43.488372244409035,10000000000000.0,
2025-11-19T22:04:56.348968,102,0.00039810717055349735,3791,7040,1118,351,7040,7040,6.112808463240962e-12,1.5383142201019863e-08,1e-12,1.0000000000000038e-12,1.48765657685651e-08,0.022185978106549587,30.210234800380217,31.238952933777306,10000000000000.0,
2025-11-19T22:05:01.984434,103,0.00039810717055349735,3860,7136,1276,395,7136,7136,5.3869462063166694e-12,1.3566920398090524e-08,1e-12,9.999999999999998e-13,1.2863964495337815e-08,0.02256650929859194,34.84204873260661,36.74600484422834,10000000000000.0,
2025-11-19T22:05:07.467261,104,0.00039810717055349735,3817,7064,1246,383,7064,7064,5.5759133923645354e-12,1.4009019224576975e-08,1e-12,9.999999999999988e-13,1.2225046834879083e-08,0.020712109442242114,30.969712681626792,35.48905016042225,10000000000000.0,
2025-11-19T22:05:12.880990,105,0.00039810717055349735,3849,7146,1226,379,7146,7146,5.5752196696535165e-12,1.4004933899929302e-08,1e-12,9.999999999999961e-13,1.09940107990346e-08,0.02068181918587134,30.93344211896423,39.40516523882483,10000000000000.0,
2025-11-19T22:05:18.432970,106,0.00039810717055349735,3818,7042,1276,394,7042,7042,4.843018502105036e-12,1.2160473775679171e-08,1e-12,1.0000000000000018e-12,1.1371753700047032e-08,0.021809664524092578,37.56808562714983,40.173726245014926,10000000000000.0,
2025-11-19T22:05:23.727468,107,0.00039810717055349735,3862,7136,1263,393,7136,7136,6.0344520443169465e-12,1.518893219283194e-08,1e-12,9.99999999999997e-13,1.2996907158878459e-08,0.022588501739074535,31.15162869723986,36.40558251240783,10000000000000.0,
2025-11-19T22:05:29.078667,100,0.001,70257,135282,17541,5228,135282,135282,1.6229887017842646e-11,1.6229887017842647e-08,1e-12,9.999999999999893e-13,1.573077281124806e-08,0.01742667589221133,22.4915627951099,23.205186890648726,10000000000000.0,
2025-11-19T22:05:43.197106,101,0.001,69992,134795,17406,5185,134795,134795,1.6933110342569505e-11,1.6933110342569504e-08,1e-12,9.99999999999998e-13,1.6422462088766225e-08,0.017939941470447588,22.192429999901332,22.882492523160444,10000000000000.0,
2025-11-19T22:06:05.759116,102,0.001,70161,135094,17541,5224,135094,135094,1.7068398174938533e-11,1.7068398174938534e-08,1e-12,1.0000000000000034e-12,1.656824541734839e-08,0.01789055087136468,21.95591409537087,22.618706726913715,10000000000000.0,
2025-11-19T22:06:18.363209,103,0.001,70258,135324,17417,5188,135324,135324,1.6802865496318312e-11,1.6802865496318315e-08,1e-12,9.999999999999974e-13,1.645757315599804e-08,0.01842874717439807,22.973810596661284,23.45581853013991,10000000000000.0,
2025-11-19T22:06:30.840732,104,0.001,70379,135506,17596,5248,135506,135506,1.6567622073988825e-11,1.6567622073988826e-08,1e-12,9.999999999999998e-13,1.6141765922710594e-08,0.01824351305080192,23.065818361507066,23.674346615512665,10000000000000.0,
2025-11-19T22:06:44.985519,105,0.001,70283,135306,17619,5257,135306,135306,1.67522173379735e-11,1.67522173379735e-08,1e-12,1.0000000000000075e-12,1.6298107129207288e-08,0.017936663846364973,22.42796891809263,23.052873980186952,10000000000000.0,
2025-11-19T22:06:58.011911,106,0.001,70204,135084,17863,5321,135084,135084,1.717687421751936e-11,1.7176874217519363e-08,1e-12,1.0000000000000016e-12,1.6753714627191972e-08,0.01838894334653279,22.42503939584375,22.991443366245583,10000000000000.0,
2025-11-19T22:07:10.362539,107,0.001,70383,135408,17954,5354,135408,135408,1.6883053358126265e-11,1.6883053358126265e-08,1e-12,9.999999999999869e-13,1.649465720824892e-08,0.018051364413521634,22.396472223850516,22.92383714406409,10000000000000.0,
2025-11-19T22:07:23.216345,100,0.001584893192461114,263038,516652,21717,6316,516652,516652,2.782210393943143e-11,1.7554447755663586e-08,1e-12,1.000000000000002e-12,1.7201361759969192e-08,0.019611379041305176,23.40138368937195,23.881735243852788,10000000000000.0,
2025-11-19T22:08:07.852972,101,0.001584893192461114,262640,515849,21666,6310,515849,515849,2.7608078730198847e-11,1.7420526792479455e-08,1e-12,9.999999999999921e-13,1.705122592243992e-08,0.019643292567850894,23.61965645424735,24.13121848024274,10000000000000.0,
2025-11-19T22:08:56.403655,102,0.001584893192461114,262201,514990,21389,6224,514990,514990,2.8448890668364854e-11,1.794983368977677e-08,1e-12,9.99999999999993e-13,1.7594788759187503e-08,0.019895648318649182,23.21764902673222,23.68615755502232,10000000000000.0,
2025-11-19T22:09:43.118268,103,0.001584893192461114,262169,514799,21748,6317,514799,514799,2.7880579512497727e-11,1.759239538475499e-08,1e-12,9.99999999999999e-13,1.725012511280669e-08,0.019436475486425367,23.142651374333536,23.601838860087895,10000000000000.0,
2025-11-19T22:10:21.963084,104,0.001584893192461114,262575,515566,22062,6419,515566,515566,2.755492807772887e-11,1.7386176138428905e-08,1e-12,1.0000000000000135e-12,1.7045168450638712e-08,0.01968263087242295,23.71371783466299,24.188137322573915,10000000000000.0,
2025-11-19T22:11:03.482216,105,0.001584893192461114,262729,516009,21835,6347,516009,516009,2.7870590152636024e-11,1.7584994801126362e-08,1e-12,1.000000000000002e-12,1.7223881921123737e-08,0.019685166349428237,23.448627100367403,23.940246893344295,10000000000000.0,
2025-11-19T22:11:42.739018,106,0.001584893192461114,262301,515185,21394,6231,515185,515185,2.764485788648483e-11,1.74429362492825e-08,1e-12,1.0000000000000046e-12,1.70992630211735e-08,0.019183524954351817,23.037184108895254,23.500201925478443,10000000000000.0,
2025-11-19T22:12:37.771582,107,0.001584893192461114,262545,515553,21788,6341,515553,515553,2.8031204940542716e-11,1.7686558156854196e-08,1e-12,1.0000000000000145e-12,1.7338526773717476e-08,0.01959799312910736,23.210732684880778,23.676635209666262,10000000000000.0,
2025-11-19T22:13:44.149115,100,0.0025118864315095794,1087758,2143196,111367,32318,2143196,2143196,4.520093169825801e-11,1.799481525050576e-08,1e-12,1.000000000000005e-12,1.7680846318819014e-08,0.01866959226099352,21.732416330571567,22.118331315366078,10000000000000.0,
2025-11-19T22:19:23.354340,101,0.0025118864315095794,1087922,2143641,110873,32203,2143641,2143641,4.479901763896214e-11,1.7834810379546675e-08,1e-12,9.99999999999985e-13,1.7509317177185862e-08,0.018564976498628042,21.804517598469236,22.209857349142435,10000000000000.0,
2025-11-19T22:23:38.876423,102,0.0025118864315095794,1087803,2143064,112054,32541,2143064,2143064,4.4662709215653673e-11,1.778054501814002e-08,1e-12,9.999999999999931e-13,1.7470080669073842e-08,0.018647314120584332,21.96806439629292,22.358463327026683,10000000000000.0,
2025-11-19T22:27:53.516530,103,0.0025118864315095794,1087858,2142980,112707,32734,2142980,2142980,4.488213793469691e-11,1.7867901165712315e-08,1e-12,9.999999999999862e-13,1.754442821705792e-08,0.018513521069724138,21.703813975744662,22.10397501929208,10000000000000.0,
2025-11-19T22:32:28.502878,104,0.0025118864315095794,1088320,2143749,113204,32888,2143749,2143749,4.475796196919945e-11,1.7818465822817245e-08,1e-12,9.999999999999967e-13,1.750771056853435e-08,0.018734742413327253,22.024091019266216,22.415010321835805,10000000000000.0,
2025-11-19T22:35:57.103656,105,0.0025118864315095794,1087911,2143369,111730,32451,2143369,2143369,4.4744819986804074e-11,1.781323390532473e-08,1e-12,1.0000000000000184e-12,1.7510132761651144e-08,0.01856343451396256,21.829115307955608,22.206978223405027,10000000000000.0,
2025-11-19T22:39:27.532348,106,0.0025118864315095794,1087370,2142170,112191,32574,2142170,2142170,4.4792119747431635e-11,1.7832064279432236e-08,1e-12,9.99999999999993e-13,1.752144451025908e-08,0.01873669111664096,22.009584887388854,22.39977030693658,10000000000000.0,
2025-11-19T22:43:48.614959,107,0.0025118864315095794,1087825,2142840,113012,32808,2142840,2142840,4.46327392309902e-11,1.7768613752194444e-08,1e-12,9.999999999999713e-13,1.7443246084390748e-08,0.01863274049329908,21.965635052683925,22.375358530432393,10000000000000.0,
2025-11-20T01:57:21.119121,100,3.981071705534969e-08,86,134,89,34,134,134,3.0031017302079744e-15,7.54548173419089e-08,1e-12,9.999999999999903e-13,7.346872449286056e-08,0.0632353786712961,17.55471272191779,18.029272334116953,10000000000000.0,
2025-11-20T01:57:27.337432,101,3.981071705534969e-08,85,132,89,34,132,132,4.798911838743743e-15,1.2057567434029505e-07,1e-12,1.0000000000000022e-12,1.0366796460499319e-07,0.023079057451973084,4.009395919952225,4.663307691894072,10000000000000.0,
2025-11-20T01:57:27.401500,102,3.981071705534969e-08,83,128,92,34,128,128,4.377744787854156e-15,1.0999358763452654e-07,1e-12,9.99999999999994e-13,1.022643458561559e-07,0.03973409384253593,7.5668743225991095,8.138786269585786,10000000000000.0,
2025-11-20T01:57:27.454882,103,3.981071705534969e-08,89,130,113,44,130,130,4.568475335914814e-15,1.147858124601712e-07,1e-12,9.999999999999994e-13,1.0693967836075929e-07,0.03971650227395218,7.247752545121329,7.779518109223145,10000000000000.0,
2025-11-20T01:57:27.505211,104,3.981071705534969e-08,86,134,89,34,134,134,4.692054659540292e-15,1.1789082059146463e-07,1e-12,9.999999999999998e-13,1.1248142133515776e-07,0.045615633682677334,8.105023847112413,8.494806528114289,10000000000000.0,
2025-11-20T01:57:27.552901,105,3.981071705534969e-08,84,132,85,32,132,132,4.607247752383978e-15,1.1575999377849191e-07,1e-12,1.0000000000000026e-12,1.0460723576795978e-07,0.04536870444699701,8.209533099526109,9.084796988933958,10000000000000.0,
2025-11-20T01:57:27.603598,106,3.981071705534969e-08,94,144,109,40,144,144,5.480668197643038e-15,1.3770523109655873e-07,1e-12,1.0000000000000006e-12,1.2425393258992585e-07,0.04713762151857069,7.170307847273442,7.946540431850384,10000000000000.0,
2025-11-20T01:57:27.670004,107,3.981071705534969e-08,82,126,92,34,126,126,3.751490563452619e-15,9.425855687066882e-08,1e-12,1.0000000000000062e-12,8.761031592247128e-08,0.05032088997754602,11.182736777303974,12.031330093889856,10000000000000.0,
2025-11-20T01:58:18.722312,100,3.981071705534969e-08,86,134,89,34,134,134,3.157196337695728e-15,7.932654114813386e-08,1e-12,1.0000000000000026e-12,7.730032563801865e-08,0.06470715691083177,17.086549745234613,17.534426669715792,10000000000000.0,
2025-11-20T02:00:37.050522,100,3.981071705534969e-08,86,134,89,34,134,134,3.140002472569753e-15,7.889453448667722e-08,1e-12,9.999999999999984e-13,7.687782048785543e-08,0.056568907626510526,15.019360782916827,15.413359402441275,10000000000000.0,
2025-11-20T02:00:45.668139,101,3.981071705534969e-08,85,132,89,34,132,132,5.4460437474961545e-15,1.3683527003759182e-07,1e-12,9.999999999999978e-13,1.0871288546300986e-07,0.03029282863506016,4.637269645770011,5.836861394245427,10000000000000.0,
2025-11-20T02:00:52.899412,102,3.981071705534969e-08,83,128,92,34,128,128,4.543523169018755e-15,1.1415887359343606e-07,1e-12,9.99999999999997e-13,1.0529027795906834e-07,0.03521410193081811,6.4614132415444585,7.005657804067921,10000000000000.0,
2025-11-20T02:00:59.981299,103,3.981071705534969e-08,89,130,113,44,130,130,4.0954209851508645e-15,1.0290002475253428e-07,1e-12,9.999999999999953e-13,9.75132809539781e-08,0.036037029471848926,7.335911459543319,7.741155495790056,10000000000000.0,
2025-11-20T02:01:07.842999,104,3.981071705534969e-08,86,134,89,34,134,134,4.970643521328778e-15,1.2489054073690395e-07,1e-12,9.999999999999982e-13,1.183419148134725e-07,0.04058810096297664,6.807533094690095,7.184238066624772,10000000000000.0,
2025-11-20T02:01:14.447542,105,3.981071705534969e-08,84,132,85,32,132,132,5.6962971429514e-15,1.4312304379274872e-07,1e-12,9.999999999999998e-13,1.2044947375995014e-07,0.054314765185675594,7.949300560603443,9.445687529730554,10000000000000.0,
2025-11-20T02:01:22.599573,106,3.981071705534969e-08,94,144,109,40,144,144,4.751613609760877e-15,1.193872766271577e-07,1e-12,1.0000000000000024e-12,1.1132473064387113e-07,0.0353442030441584,6.201271178328972,6.650390019586728,10000000000000.0,
2025-11-20T02:01:29.764755,107,3.981071705534969e-08,82,126,92,34,126,126,3.3715602007685874e-15,8.471256785850723e-08,1e-12,1.0000000000000004e-12,7.820988927096215e-08,0.036339292166680755,8.985643669517785,9.73274551596903,10000000000000.0,
2025-11-20T02:01:39.221042,100,2.5118864315095823e-07,45,62,44,19,62,62,7.614678544013553e-16,3.0837245196317264e-09,1e-12,1.0000000000000022e-12,2.5463275818879634e-09,0.027434961880514096,186.35856704262739,225.6891402035123,10000000000000.0,
2025-11-20T02:01:49.674977,101,2.5118864315095823e-07,40,53,37,17,53,53,2.2287275306585023e-16,1.384160557079043e-09,1e-12,9.99999999999999e-13,1.3505109237023919e-09,0.006393919399944523,96.7612038983412,99.17212777842089,10000000000000.0,
2025-11-20T02:02:02.443554,102,2.5118864315095823e-07,37,49,37,16,49,49,5.751969997703001e-16,2.5132979102903466e-09,1e-12,9.999999999999982e-13,2.300452569883616e-09,0.00603469960207116,50.295862680643744,54.94939918622507,10000000000000.0,
2025-11-20T02:02:12.933743,103,2.5118864315095823e-07,54,72,68,29,72,72,3.2443330460271178e-16,2.1380483624643797e-09,1e-12,1.000000000000005e-12,2.097457259362393e-09,0.002386767930287099,23.383700743398737,23.83623449756441,10000000000000.0,
2025-11-20T02:02:21.650062,104,2.5118864315095823e-07,42,56,40,18,56,56,5.316476820095296e-16,3.5360024800771665e-09,1e-12,1.0000000000000022e-12,3.1887098944702933e-09,0.004499563801949379,26.654984152436384,29.55806366483199,10000000000000.0,
2025-11-20T02:02:30.388531,105,2.5118864315095823e-07,43,60,40,17,60,60,5.597434101567529e-16,2.236552483811203e-09,1e-12,1.000000000000005e-12,1.807344305404976e-09,0.011285585465233906,105.69770931021895,130.79880440265882,10000000000000.0,
2025-11-20T02:02:40.285199,106,2.5118864315095823e-07,49,66,51,22,66,66,6.197704792321003e-16,2.945253724475681e-09,1e-12,1.0000000000000079e-12,2.659716564273963e-09,0.006139860238923191,43.66730070997678,48.35525776746304,10000000000000.0,
2025-11-20T02:02:53.573755,107,2.5118864315095823e-07,38,49,38,17,49,49,1.9874699477916389e-16,1.1468412631169826e-09,1e-12,9.99999999999997e-13,1.0890528490192667e-09,0.005285059985633029,96.53108459780759,101.65331378536565,10000000000000.0,
2025-11-20T02:03:06.888806,100,2.5118864315095822e-05,45,62,44,19,62,62,1.773678422547853e-14,7.179745116458293e-10,1e-12,1.000000000000002e-12,5.680895207257004e-10,0.017543666608117042,511.83727902507604,646.8806535644549,10000000000000.0,
2025-11-20T02:03:19.045984,101,2.5118864315095822e-05,40,53,37,17,53,53,5.231288402967382e-16,3.248604599810483e-11,1e-12,9.999999999999972e-13,3.168071096070897e-11,0.0033019920169727016,2129.118038065207,2183.240982368193,10000000000000.0,
2025-11-20T02:03:31.305918,102,2.5118864315095822e-05,37,49,37,16,49,49,8.906624450843329e-15,3.891173233652221e-10,1e-12,1.0000000000000002e-12,3.4805098483284773e-10,0.012643179465588945,680.606844204391,760.911260193823,10000000000000.0,
2025-11-20T02:03:43.587382,103,2.5118864315095822e-05,54,72,68,29,72,72,2.9772398692866468e-15,1.9610172964590024e-10,1e-12,9.999999999999998e-13,1.9247786275712918e-10,0.0020682562209782354,220.92430139829793,225.08374212199496,10000000000000.0,
2025-11-20T02:03:56.941660,104,2.5118864315095822e-05,42,56,40,18,56,56,1.0944962381884863e-14,7.276010497363174e-10,1e-12,1.0000000000000014e-12,6.080813316693959e-10,0.011323747694055444,325.9998817615,390.0758727987779,10000000000000.0,
2025-11-20T02:04:10.032850,105,2.5118864315095822e-05,43,60,40,17,60,60,1.610231505737822e-14,6.435010361928386e-10,1e-12,1.0000000000000052e-12,5.076008959954887e-10,0.01031585097114581,335.7966693173476,425.69961235398915,10000000000000.0,
2025-11-20T02:04:22.167811,106,2.5118864315095822e-05,49,66,51,22,66,66,9.447286955903988e-15,4.4882223708014633e-10,1e-12,1.0000000000000012e-12,4.0432788051488633e-10,0.0011738250344878803,54.7834750058683,60.812135378462536,10000000000000.0,
2025-11-20T02:04:34.413196,107,2.5118864315095822e-05,38,49,38,17,49,49,5.741023669738461e-15,3.313034667706719e-10,1e-12,1.0000000000000054e-12,3.151253515068567e-10,0.006654544893084106,420.7391780370583,442.33936629781863,10000000000000.0,
2025-11-20T02:04:46.608165,100,0.00015848931924611142,367,584,384,146,584,584,9.919825493773443e-13,6.258987511316817e-09,1e-12,9.999999999999978e-13,6.170160752963359e-09,0.012795122909634766,42.82140891056385,43.43787371495755,10000000000000.0,
2025-11-20T02:04:58.938693,101,0.00015848931924611142,372,588,398,152,588,588,7.275330734134531e-13,4.590423917661654e-09,1e-12,1.0000000000000002e-12,8.194685515048027e-10,0.013285100569219659,60.62233050778365,339.58862166986876,10000000000000.0,
2025-11-20T02:05:11.162456,102,0.00015848931924611142,356,562,385,146,562,562,2.774003641418364e-13,1.7502781837123165e-09,1e-12,1.0000000000000006e-12,1.2503294475474943e-09,0.014582378160746937,174.51865296735318,244.30056537400404,10000000000000.0,
2025-11-20T02:05:23.710034,103,0.00015848931924611142,367,576,397,154,576,576,1.358243594086967e-13,8.569938753511859e-10,1e-12,1.000000000000005e-12,5.210171449370379e-10,0.0071979104962136015,175.93380648466865,289.3843246613353,10000000000000.0,
2025-11-20T02:05:36.096477,104,0.00015848931924611142,361,576,362,142,576,576,1.2023266852243473e-12,7.586169446292887e-09,1e-12,1.0000000000000014e-12,7.830245356153741e-10,0.01926713324820764,53.20042934611453,515.421233024302,10000000000000.0,
2025-11-20T02:05:48.807704,105,0.00015848931924611142,376,590,408,158,590,590,2.0460610453582666e-13,1.290977400593142e-09,1e-12,1.0000000000000034e-12,7.040517521372308e-10,0.018859670690130018,306.01029728438965,561.1126979568031,10000000000000.0,
2025-11-20T02:06:01.082576,106,0.00015848931924611142,365,574,391,152,574,574,6.405083837520465e-13,4.041335180053458e-09,1e-12,1.0000000000000062e-12,8.120810876817287e-10,0.009852279734109268,51.06607021533862,254.13115660342862,10000000000000.0,
2025-11-20T02:06:13.453734,107,0.00015848931924611142,373,586,412,156,586,586,3.9727165316671444e-13,2.5066149775834362e-09,1e-12,1.000000000000001e-12,6.780679008394369e-10,0.007823616100137563,65.379331659509,241.68790730137565,10000000000000.0,
2025-11-20T02:06:25.990396,100,0.00025118864315095795,1255,2166,987,340,2166,2166,2.341277113031134e-12,9.320793670696576e-09,1e-12,9.999999999999986e-13,8.216635700523433e-09,0.013966384939569108,31.38713597042458,35.604963997100356,10000000000000.0,
2025-11-20T02:06:38.388130,101,0.00025118864315095795,1279,2186,1081,368,2186,2186,1.0482752600455553e-12,4.173259694291681e-09,1e-12,9.999999999999943e-13,1.3688082493825626e-09,0.013119125513296363,65.8491315201051,200.7626171166961,10000000000000.0,
2025-11-20T02:06:52.193120,102,0.00025118864315095795,1307,2240,1095,370,2240,2240,2.215909254473919e-12,8.82169515047227e-09,1e-12,9.999999999999986e-13,7.2651459404227385e-09,0.015153765850063042,35.98231505394422,43.69148490851582,10000000000000.0,
2025-11-20T02:07:06.271395,103,0.00025118864315095795,1288,2208,1062,364,2208,2208,1.861202029304251e-12,7.409580010017377e-09,1e-12,1.000000000000119e-12,1.4647816634499062e-09,0.013834946037604478,39.11149824884789,197.84503234696845,10000000000000.0,
2025-11-20T02:07:20.476154,104,0.00025118864315095795,1274,2206,974,338,2206,2206,2.149607640477681e-12,8.55774362561709e-09,1e-12,1.000000000000003e-12,1.5407999896316867e-09,0.02030305438230514,49.69614274624651,276.01690788309827,10000000000000.0,
2025-11-20T02:07:34.533931,105,0.00025118864315095795,1284,2222,998,342,2222,2222,7.333561490692903e-13,2.919543916679699e-09,1e-12,1.0000000000000042e-12,2.894737672827868e-09,0.0185674487310814,133.21643160338903,134.3580201205261,10000000000000.0,
2025-11-20T02:07:48.696286,106,0.00025118864315095795,1284,2196,1072,368,2196,2196,1.9126979416110377e-12,7.614588964670521e-09,1e-12,1e-12,7.422987194791838e-09,0.012872121292620733,35.40986195024092,36.3238595152086,10000000000000.0,
2025-11-20T02:08:02.763948,107,0.00025118864315095795,1292,2206,1091,374,2206,2206,2.1784556195628743e-12,8.672589518644055e-09,1e-12,9.999999999999961e-13,1.4952250680496255e-09,0.015174333046269318,36.650625899265755,212.58059459926542,10000000000000.0,
2025-11-20T02:08:16.741660,100,0.00039810717055349735,3830,7115,1135,350,7115,7115,4.3588321588647415e-12,1.0937258229262184e-08,1e-12,1.0000000000000008e-12,1.0419808309007347e-08,0.020162566289378746,38.6151670180275,40.53280451207167,10000000000000.0,
2025-11-20T02:08:31.562203,101,0.00039810717055349735,3864,7152,1263,388,7152,7152,4.455591006838694e-12,1.1187923908299907e-08,1e-12,9.999999999999998e-13,9.99916221909711e-09,0.021929292922589973,41.05780238089918,45.939005570107916,10000000000000.0,
2025-11-20T02:08:46.252081,102,0.00039810717055349735,3791,7040,1118,351,7040,7040,6.1213050612759406e-12,1.5404524250953696e-08,1e-12,1.0000000000000064e-12,1.4840228286534352e-08,0.023938084129356205,32.55080054985996,33.78853658964661,10000000000000.0,
2025-11-20T02:09:00.912737,103,0.00039810717055349735,3860,7136,1276,395,7136,7136,5.5603269841985944e-12,1.4003576552058587e-08,1e-12,9.999999999999998e-13,1.3103433006197843e-08,0.02197595399564746,32.87224330410606,35.13041012452322,10000000000000.0,
2025-11-20T02:09:15.858064,104,0.00039810717055349735,3817,7064,1246,383,7064,7064,5.9938883026629705e-12,1.5059146466829304e-08,1e-12,9.99999999999998e-13,1.3821641370712595e-08,0.02189784166903122,30.45941298127608,33.18656222340037,10000000000000.0,
2025-11-20T02:09:30.537728,105,0.00039810717055349735,3849,7146,1226,379,7146,7146,5.9005411406769096e-12,1.482214039005376e-08,1e-12,9.999999999999974e-13,1.2608969461683236e-08,0.02097257932477467,29.63886021911761,34.84117782217984,10000000000000.0,
2025-11-20T02:09:45.408132,106,0.00039810717055349735,3818,7042,1276,394,7042,7042,5.1494860364752475e-12,1.2929991879561316e-08,1e-12,1.0000000000000048e-12,1.0916163137909999e-08,0.022184760299703263,35.939916502875775,42.57016157265557,10000000000000.0,
2025-11-20T02:10:00.302077,107,0.00039810717055349735,3862,7136,1263,393,7136,7136,5.937013804696287e-12,1.4943676649541823e-08,1e-12,9.999999999999961e-13,1.3128746674649983e-08,0.02248404677786036,31.51647183529869,35.873337791678566,10000000000000.0,
2025-11-20T02:10:14.751711,100,0.001584893192461114,263038,516652,21717,6316,516652,516652,2.76686333888675e-11,1.745761500829939e-08,1e-12,1.0000000000000062e-12,1.7116104884111073e-08,0.019569940444630524,23.481463843661594,23.949979179812438,10000000000000.0,
2025-11-20T02:11:51.527011,101,0.001584893192461114,262640,515849,21666,6310,515849,515849,2.7600059813587846e-11,1.7415466905732764e-08,1e-12,1.0000000000000079e-12,1.7054913287726625e-08,0.01969617107534705,23.69012000729692,24.190946856166175,10000000000000.0,
2025-11-20T02:13:18.259134,102,0.001584893192461114,262201,514990,21389,6224,514990,514990,2.810085780878336e-11,1.773024228212262e-08,1e-12,9.999999999999994e-13,1.7384158364156285e-08,0.019614631003859673,23.173202007622745,23.634534237497,10000000000000.0,
2025-11-20T02:14:48.008930,103,0.001584893192461114,262169,514799,21748,6317,514799,514799,2.7623935692958994e-11,1.7430455438551392e-08,1e-12,1.0000000000000008e-12,1.7107583190136248e-08,0.01948940858375598,23.42127324483954,23.863304072295453,10000000000000.0,
2025-11-20T02:16:16.340599,104,0.001584893192461114,262575,515566,22062,6419,515566,515566,2.7483971516142262e-11,1.7341405080618776e-08,1e-12,1.000000000000001e-12,1.698658718485259e-08,0.01949057283185996,23.542950824614977,24.034718840215294,10000000000000.0,
2025-11-20T02:17:41.594324,105,0.001584893192461114,262729,516009,21835,6347,516009,516009,2.7891545896596052e-11,1.7598216862323225e-08,1e-12,1.0000000000000115e-12,1.7238623787673092e-08,0.019674139011888733,23.417883749641074,23.906374531913055,10000000000000.0,
2025-11-20T02:19:08.892811,106,0.001584893192461114,262301,515185,21394,6231,515185,515185,2.7826953348296612e-11,1.7557832102417613e-08,1e-12,1.0000000000000022e-12,1.720825283542993e-08,0.01958352422707223,23.36364147282384,23.838265174505914,10000000000000.0,
2025-11-20T02:20:11.702922,107,0.001584893192461114,262545,515553,21788,6341,515553,515553,2.786257810783862e-11,1.7580161436136938e-08,1e-12,1.0000000000000032e-12,1.7249392775200805e-08,0.01967913877702939,23.447891986514907,23.897521021880433,10000000000000.0,
2025-11-20T02:20:57.284582,100,0.0025118864315095794,1087758,2143196,111367,32318,2143196,2143196,4.528604620523489e-11,1.8028699946476434e-08,1e-12,9.99999999999998e-13,1.770660764728628e-08,0.01872054470195109,21.75077047543405,22.146428176284697,10000000000000.0,
2025-11-20T02:25:57.699320,101,0.0025118864315095794,1087922,2143641,110873,32203,2143641,2143641,4.4782839443292847e-11,1.782836972376332e-08,1e-12,1.0000000000000002e-12,1.7509667828031304e-08,0.01865154049598984,21.914100595986127,22.31296969343537,10000000000000.0,
2025-11-20T02:32:41.562897,102,0.0025118864315095794,1087803,2143064,112054,32541,2143064,2143064,4.477082342732777e-11,1.7823586061586133e-08,1e-12,1.0000000000000131e-12,1.75010939221865e-08,0.01861883022682808,21.881539787620053,22.284750273252723,10000000000000.0,
2025-11-20T02:39:15.431735,103,0.0025118864315095794,1087858,2142980,112707,32734,2142980,2142980,4.4915791926008784e-11,1.788129906113938e-08,1e-12,9.999999999999899e-13,1.7570024614678938e-08,0.018539714646445122,21.718236296633457,22.103001379755977,10000000000000.0,
2025-11-20T02:46:22.432713,104,0.0025118864315095794,1088320,2143749,113204,32888,2143749,2143749,4.477660925177571e-11,1.7825889439815314e-08,1e-12,1.0000000000000014e-12,1.7511174905295893e-08,0.01877022566140053,22.056614895895155,22.453021038120166,10000000000000.0,
2025-11-20T02:52:30.683466,105,0.0025118864315095794,1087911,2143369,111730,32451,2143369,2143369,4.4875329139522935e-11,1.786519053549672e-08,1e-12,9.99999999999983e-13,1.7557077950415e-08,0.01860472430932418,21.814042844484813,22.196861736721875,10000000000000.0,
2025-11-20T02:58:37.234026,106,0.0025118864315095794,1087370,2142170,112191,32574,2142170,2142170,4.474221982745724e-11,1.7812198763231185e-08,1e-12,1.0000000000000163e-12,1.7502006663752165e-08,0.0187393809347856,22.037294842193596,22.427866899744895,10000000000000.0,
2025-11-20T03:04:43.699036,107,0.0025118864315095794,1087825,2142840,113012,32808,2142840,2142840,4.452835964685605e-11,1.7727059490769986e-08,1e-12,9.999999999999986e-13,1.741158879725591e-08,0.018575519624699013,21.949510758463333,22.347201483985085,10000000000000.0,
2025-11-20T03:34:40.609529,100,3.981071705534969e-08,86,134,89,34,134,134,3.0263829579706044e-15,7.603977281333177e-08,1e-12,9.999999999999978e-13,7.4067654473921e-08,0.024809388375036236,6.834328068356252,7.016298238964271,10000000000000.0,
2025-11-20T03:34:48.876331,101,3.981071705534969e-08,85,132,89,34,132,132,3.769620812543756e-15,9.471409076743105e-08,1e-12,9.99999999999999e-13,9.039376981801641e-08,0.02673180482029354,5.911997779849154,6.194558490754303,10000000000000.0,
2025-11-20T03:34:55.414149,102,3.981071705534969e-08,83,128,92,34,128,128,4.277380352717727e-15,1.0747186815873685e-07,1e-12,1.0000000000000008e-12,1.0030362525509733e-07,0.035257803123241026,6.871966369960946,7.363074483354073,10000000000000.0,
2025-11-20T03:35:02.160297,103,3.981071705534969e-08,89,130,113,44,130,130,4.440769312098228e-15,1.1157711839442784e-07,1e-12,1.0000000000000014e-12,1.0468943692435392e-07,0.02758872710070342,5.179371915051898,5.52013087807604,10000000000000.0,
2025-11-20T03:35:07.812212,104,3.981071705534969e-08,86,134,89,34,134,134,5.956344040136484e-15,1.4965688543056493e-07,1e-12,1.000000000000001e-12,1.3708469024700855e-07,0.06765113421525176,9.468887458248718,10.337290057267827,10000000000000.0,
2025-11-20T03:35:14.746695,105,3.981071705534969e-08,84,132,85,32,132,132,5.287978113480904e-15,1.3286377169550008e-07,1e-12,9.999999999999998e-13,1.0868499719125125e-07,0.03147743828435355,4.962646944922017,6.066669804805089,10000000000000.0,
2025-11-20T03:35:20.627415,106,3.981071705534969e-08,94,144,109,40,144,144,4.656026415934078e-15,1.1698558834005222e-07,1e-12,9.999999999999994e-13,1.112734039782902e-07,0.04902780946474494,8.778709976046281,9.22936222580939,10000000000000.0,
2025-11-20T03:35:26.226944,107,3.981071705534969e-08,82,126,92,34,126,126,3.690567403276254e-15,9.272782420292094e-08,1e-12,9.99999999999994e-13,8.459316241498387e-08,0.06740289927501239,15.226114226147782,16.690290360935126,10000000000000.0,
2025-11-20T03:35:31.871252,100,2.5118864315095823e-07,45,62,44,19,62,62,7.241595983903585e-16,2.9326368759697937e-09,1e-12,1.0000000000000022e-12,2.4429473702032778e-09,0.008115224879972125,57.96459997509315,69.58362077757376,10000000000000.0,
2025-11-20T03:35:37.496230,101,2.5118864315095823e-07,40,53,37,17,53,53,2.216867981796935e-16,1.3767951346426437e-09,1e-12,9.99999999999986e-13,1.344069485387132e-09,0.007830477390047866,119.13503386131646,122.03575541967099,10000000000000.0,
2025-11-20T03:35:43.285521,102,2.5118864315095823e-07,37,49,37,16,49,49,6.36414246272168e-16,2.780783967707745e-09,1e-12,1.0000000000000034e-12,2.5296836119438807e-09,0.007850940439859063,59.139140313966614,65.00938396905953,10000000000000.0,
2025-11-20T03:35:48.491674,103,2.5118864315095823e-07,54,72,68,29,72,72,3.233995455589231e-16,2.1312357855821705e-09,1e-12,1.0000000000000018e-12,2.091554994490823e-09,0.003948587850222108,38.808859528254125,39.54513768086804,10000000000000.0,
2025-11-20T03:35:53.646244,104,2.5118864315095823e-07,42,56,40,18,56,56,4.588326642239986e-16,3.0517079139778727e-09,1e-12,1.0000000000000008e-12,2.779374329418598e-09,0.01021174966061653,70.09350398114742,76.96152999385754,10000000000000.0,
2025-11-20T03:35:58.596190,105,2.5118864315095823e-07,43,60,40,17,60,60,5.028200260844865e-16,2.009105168266901e-09,1e-12,9.999999999999895e-13,1.706279986863557e-09,0.00876457178465548,91.37946411083647,107.59720270529216,10000000000000.0,
2025-11-20T03:36:03.857323,106,2.5118864315095823e-07,49,66,51,22,66,66,5.806686030049744e-16,2.7594350215025743e-09,1e-12,1.000000000000005e-12,2.5119915568844764e-09,0.0035902155932143473,27.253415175673123,29.938009976663587,10000000000000.0,
2025-11-20T03:36:11.737945,107,2.5118864315095823e-07,38,49,38,17,49,49,1.9695191684851838e-16,1.1364830212544457e-09,1e-12,1.0000000000000012e-12,1.0805088658686607e-09,0.007033865826929237,129.6437853716889,136.3597889292926,10000000000000.0,
2025-11-20T03:36:16.985936,100,2.5118864315095822e-05,45,62,44,19,62,62,1.4242166757658332e-14,5.765144680465506e-10,1e-12,9.99999999999999e-13,4.56722066370143e-10,0.04070357865879339,1478.9141310884522,1866.814538538187,10000000000000.0,
2025-11-20T03:36:22.690757,101,2.5118864315095822e-05,40,53,37,17,53,53,5.253056902823856e-16,3.262122732116972e-11,1e-12,1.0000000000000046e-12,3.1810292295074484e-11,0.00935572208073648,6007.55272292373,6160.702366408363,10000000000000.0,
2025-11-20T03:36:27.881345,102,2.5118864315095822e-05,37,49,37,16,49,49,2.1290108873049844e-14,9.301335454927497e-10,1e-12,9.99999999999999e-13,8.359503869839976e-10,0.008908002507971212,200.61139519721738,223.2134719791773,10000000000000.0,
2025-11-20T03:36:33.563300,103,2.5118864315095822e-05,54,72,68,29,72,72,6.743801134753149e-15,4.4419365754024523e-10,1e-12,1.0000000000000008e-12,4.356068430085508e-10,0.0026030373057083843,122.75201063280217,125.1717355880315,10000000000000.0,
2025-11-20T03:36:40.054627,104,2.5118864315095822e-05,42,56,40,18,56,56,9.255454888666417e-15,6.152856864932491e-10,1e-12,1.0000000000000026e-12,5.146469002667671e-10,0.014133578182717266,481.1670603066211,575.258890834158,10000000000000.0,
2025-11-20T03:36:46.050847,105,2.5118864315095822e-05,43,60,40,17,60,60,1.9534168476036586e-14,7.806490936677595e-10,1e-12,1.0000000000000014e-12,6.174698992068763e-10,0.01239767978318318,332.6634830285522,420.57669022598304,10000000000000.0,
2025-11-20T03:36:51.719399,106,2.5118864315095822e-05,49,66,51,22,66,66,6.0790005922945434e-15,2.888015001322778e-10,1e-12,9.999999999999967e-13,2.604761359373644e-10,0.004138975670752441,300.20229228215834,332.8476600830871,10000000000000.0,
2025-11-20T03:37:02.707789,107,2.5118864315095822e-05,38,49,38,17,49,49,8.387973148980063e-15,4.840538453245924e-10,1e-12,1.000000000000003e-12,4.601885675104802e-10,0.008095614701318024,350.32951768234443,368.4975293546089,10000000000000.0,
2025-11-20T03:37:08.861215,100,0.00015848931924611142,367,584,384,146,584,584,9.65256119082751e-13,6.090355115977868e-09,1e-12,9.99999999999998e-13,6.636187654867904e-10,0.013893982179553063,47.786442092339506,438.55963274030296,10000000000000.0,
2025-11-20T03:37:14.462335,101,0.00015848931924611142,372,588,398,152,588,588,6.451977034790438e-13,4.070922790870071e-09,1e-12,9.99999999999999e-13,8.058906489602528e-10,0.01710749112618066,88.02662135644754,444.6627834006875,10000000000000.0,
2025-11-20T03:37:20.612207,102,0.00015848931924611142,356,562,385,146,562,562,3.074334512466156e-13,1.9397741755854535e-09,1e-12,9.999999999999994e-13,1.2812120160930567e-09,0.012719452995473658,137.35290109484,207.9543488032367,10000000000000.0,
2025-11-20T03:37:25.838007,103,0.00015848931924611142,367,576,397,154,576,576,1.3247174956185137e-13,8.358403347219741e-10,1e-12,1.0000000000000119e-12,5.128995491629748e-10,0.007903072498415537,198.05837722946762,322.7633570513569,10000000000000.0,
2025-11-20T03:37:31.896472,104,0.00015848931924611142,361,576,362,142,576,576,1.2862356155087296e-12,8.115599068888118e-09,1e-12,9.99999999999999e-13,7.469239539575896e-10,0.01605631759066004,41.442499553204286,450.2877555396729,10000000000000.0,
2025-11-20T03:37:37.580031,105,0.00015848931924611142,376,590,408,158,590,590,2.377196499182157e-13,1.4999097725727588e-09,1e-12,1.0000000000000068e-12,8.173236006831308e-10,0.013907647373757345,194.22678043225923,356.4348879956451,10000000000000.0,
2025-11-20T03:37:45.873654,106,0.00015848931924611142,365,574,391,152,574,574,7.124552215297755e-13,4.495289092259071e-09,1e-12,9.999999999999996e-13,8.378843688307984e-10,0.00822257070488609,38.31515311630196,205.56260061551507,10000000000000.0,
2025-11-20T03:37:53.463919,107,0.00015848931924611142,373,586,412,156,586,586,3.5831007163165517e-13,2.260783987509915e-09,1e-12,1.000000000000001e-12,6.860161595312506e-10,0.00835190851686578,77.38329806912917,255.018659174055,10000000000000.0,
2025-11-20T03:38:07.319354,100,0.00025118864315095795,1255,2166,987,340,2166,2166,3.1571128967434838e-12,1.2568694983544173e-08,1e-12,1.0000000000000034e-12,1.0095340827130497e-08,0.01406384747329276,23.4387548160825,29.1812396551998,10000000000000.0,
2025-11-20T03:38:18.415031,101,0.00025118864315095795,1279,2186,1081,368,2186,2186,1.2658139616035435e-12,5.039297012697007e-09,1e-12,1.0000000000000083e-12,1.5020495503043967e-09,0.015831290870171526,65.80622036847787,220.77639825700012,10000000000000.0,
2025-11-20T03:38:23.882003,102,0.00025118864315095795,1307,2240,1095,370,2240,2240,1.54532524887625e-12,6.152051680992887e-09,1e-12,9.999999999999986e-13,5.779425149374671e-09,0.01503288132744125,51.185014329948245,54.4851512583867,10000000000000.0,
2025-11-20T03:38:29.518749,103,0.00025118864315095795,1288,2208,1062,364,2208,2208,1.6060245929830768e-12,6.393700163873188e-09,1e-12,1.0000000000000014e-12,6.36932450639922e-09,0.012218749480624163,40.03087379243503,40.18407353394101,10000000000000.0,
2025-11-20T03:38:35.130167,104,0.00025118864315095795,1274,2206,974,338,2206,2206,2.423231213783026e-12,9.647058878400636e-09,1e-12,1.0000000000000052e-12,7.4367078356865306e-09,0.018607220024506335,40.402397691739644,52.41086754684758,10000000000000.0,
2025-11-20T03:38:43.067410,105,0.00025118864315095795,1284,2222,998,342,2222,2222,9.313497877969693e-13,3.707770925101574e-09,1e-12,9.999999999999965e-13,3.6308954274410713e-09,0.018149312340118243,102.5339894364455,104.70490061319582,10000000000000.0,
2025-11-20T03:38:50.837280,106,0.00025118864315095795,1284,2196,1072,368,2196,2196,1.8312786309714094e-12,7.2904527951165364e-09,1e-12,1.0000000000000026e-12,6.2140037557293935e-09,0.011744945532844768,33.74559422874927,39.59132814186333,10000000000000.0,
2025-11-20T03:39:03.582457,107,0.00025118864315095795,1292,2206,1091,374,2206,2206,2.185380901086326e-12,8.700159565706109e-09,1e-12,1.000000000000001e-12,8.570961030294478e-09,0.018958865956149262,45.646313997461185,46.3343858361461,10000000000000.0,
2025-11-20T03:39:10.138592,100,0.00039810717055349735,3830,7115,1135,350,7115,7115,4.290048985430913e-12,1.0764666282094885e-08,1e-12,9.999999999999994e-13,1.0362630502091197e-08,0.018727360779707443,36.441528254911994,37.85533898892721,10000000000000.0,
2025-11-20T03:39:16.840333,101,0.00039810717055349735,3864,7152,1263,388,7152,7152,5.257079998175307e-12,1.3200451053329827e-08,1e-12,9.999999999999984e-13,1.1446581793807988e-08,0.020494980990925078,32.522155652168586,37.50526852194937,10000000000000.0,
2025-11-20T03:39:32.979938,102,0.00039810717055349735,3791,7040,1118,351,7040,7040,5.5443986655207215e-12,1.395271479611023e-08,1e-12,1.0000000000000028e-12,1.3495380938063735e-08,0.021337497649130496,32.03357021976984,33.1191295176397,10000000000000.0,
2025-11-20T03:39:43.927251,103,0.00039810717055349735,3860,7136,1276,395,7136,7136,5.786554037245247e-12,1.4573325033485714e-08,1e-12,1.0000000000000016e-12,1.3282448855438872e-08,0.024008992175181196,34.509276492369764,37.863116091563164,10000000000000.0,
2025-11-20T03:39:55.509705,104,0.00039810717055349735,3817,7064,1246,383,7064,7064,5.886705961726347e-12,1.4789859738528887e-08,1e-12,1.0000000000000044e-12,1.312031581992339e-08,0.0228078789100725,32.30289297674304,36.41339605173689,10000000000000.0,
2025-11-20T03:40:06.655049,105,0.00039810717055349735,3849,7146,1226,379,7146,7146,5.552885167580578e-12,1.3948829702471057e-08,1e-12,1.0000000000000002e-12,1.2281711181329835e-08,0.02378434372368023,35.716917915800856,40.565129577546266,10000000000000.0,
2025-11-20T03:40:16.666147,106,0.00039810717055349735,3818,7042,1276,394,7042,7042,4.877063737570458e-12,1.224595893186516e-08,1e-12,9.999999999999935e-13,1.0800069284556615e-08,0.020492574459638747,35.05292780734019,39.74573709301392,10000000000000.0,
2025-11-20T03:40:27.021782,107,0.00039810717055349735,3862,7136,1263,393,7136,7136,6.36250010578876e-12,1.6014640927459784e-08,1e-12,1.0000000000000018e-12,1.3273340265587091e-08,0.020958579182714814,27.41354545699023,33.07517763109773,10000000000000.0,
2025-11-20T03:40:35.803685,100,0.001584893192461114,263038,516652,21717,6316,516652,516652,2.7708510098927554e-11,1.748277534933402e-08,1e-12,9.999999999999984e-13,1.713700625120647e-08,0.020076509350702872,24.054614634341863,24.539958590339815,10000000000000.0,
2025-11-20T03:41:38.745385,101,0.001584893192461114,262640,515849,21666,6310,515849,515849,2.7683487954593005e-11,1.7468109546310188e-08,1e-12,9.999999999999974e-13,1.7084754267908913e-08,0.019895194157142238,23.857385614572024,24.39270819286511,10000000000000.0,
2025-11-20T03:42:35.841296,102,0.001584893192461114,262201,514990,21389,6224,514990,514990,2.8027483273991332e-11,1.7683946603604434e-08,1e-12,1.0000000000000075e-12,1.7344123017414616e-08,0.019863932493013808,23.529170187415172,23.99017746839039,10000000000000.0,
2025-11-20T03:43:37.854007,103,0.001584893192461114,262169,514799,21748,6317,514799,514799,2.762125850662051e-11,1.742876615800526e-08,1e-12,9.99999999999992e-13,1.7090525367223502e-08,0.019788996644967603,23.783606297722365,24.25431071604362,10000000000000.0,
2025-11-20T03:44:22.060084,104,0.001584893192461114,262575,515566,22062,6419,515566,515566,2.747404904244318e-11,1.733514435386331e-08,1e-12,1.0000000000000184e-12,1.696815155356985e-08,0.019704434276594,23.80987324534766,24.324841067821172,10000000000000.0,
2025-11-20T03:45:07.346850,105,0.001584893192461114,262729,516009,21835,6347,516009,516009,2.7857194799898005e-11,1.7576542981234236e-08,1e-12,1.000000000000001e-12,1.7208606020713965e-08,0.01945649481072322,23.187382025912665,23.683151111146373,10000000000000.0,
2025-11-20T03:45:47.927157,106,0.001584893192461114,262301,515185,21394,6231,515185,515185,2.7775205605723e-11,1.7525181090845684e-08,1e-12,1.0000000000000042e-12,1.7167639088322755e-08,0.019511509191695225,23.321094234851795,23.806791230860203,10000000000000.0,
2025-11-20T03:46:27.058045,107,0.001584893192461114,262545,515553,21788,6341,515553,515553,2.7961079666046775e-11,1.7642311940957714e-08,1e-12,1.0000000000000083e-12,1.7305911541746604e-08,0.01949865531692197,23.1509992417111,23.601019188262942,10000000000000.0,
2025-11-20T03:47:09.890129,100,0.0025118864315095794,1087758,2143196,111367,32318,2143196,2143196,4.522676707163048e-11,1.8005100498028285e-08,1e-12,9.99999999999995e-13,1.7684452197377933e-08,0.01877982754936135,21.848248431530173,22.24439322886778,10000000000000.0,
2025-11-20T03:51:07.338943,101,0.0025118864315095794,1087922,2143641,110873,32203,2143641,2143641,4.4650435172600665e-11,1.777565863352764e-08,1e-12,1.0000000000000046e-12,1.7460442535207086e-08,0.018598764231697373,21.916891768320028,22.31256084123117,10000000000000.0,
