timestamp,seed,L_m,Np,Nt,td_fixed_count,tl_fixed_count,cond_n_throats,cond_n_positive,diffusivity,dir_rate,dir_D_eff,neu_rate_imposed,neu_rate_calc,neu_D_eff,porosity,tau_dir,tau_neu,density,error
2025-12-02T02:31:54.150515,42,5e-05,122,170,152,70,170,170,1e-08,3.077729714882501e-18,6.155459429765002e-14,1e-12,9.999999999999998e-13,5.708353409342302e-14,0.004395253448228708,714.0414941206924,769.9686990359475,10000000000000.0,
2025-12-02T02:31:54.150515,42,5e-05,122,170,152,70,170,170,1e-07,3.077729714882479e-17,6.155459429764959e-13,1e-12,1.0000000000000022e-12,5.708353409342309e-13,0.004395253448228708,714.0414941206974,769.9686990359464,10000000000000.0,
2025-12-02T02:31:54.150515,42,5e-05,122,170,152,70,170,170,1e-06,3.0777297148825273e-16,6.1554594297650545e-12,1e-12,9.999999999999957e-13,5.7083534093423805e-12,0.004395253448228708,714.0414941206863,769.9686990359368,10000000000000.0,
2025-12-02T02:31:54.150515,42,5e-05,122,170,152,70,170,170,1e-05,3.077729714882417e-15,6.155459429764835e-11,1e-12,1.000000000000001e-12,5.708353409342282e-11,0.004395253448228708,714.0414941207118,769.9686990359502,10000000000000.0,
2025-12-02T02:31:54.150515,42,5e-05,122,170,152,70,170,170,0.0001,3.0777297148825025e-14,6.155459429765006e-10,1e-12,1.000000000000002e-12,5.708353409342283e-10,0.004395253448228708,714.041494120692,769.9686990359501,10000000000000.0,
2025-12-02T02:31:54.150515,42,5e-05,122,170,152,70,170,170,0.001,3.0777297148824915e-13,6.155459429764983e-09,1e-12,1.000000000000002e-12,5.708353409342352e-09,0.004395253448228708,714.0414941206947,769.9686990359407,10000000000000.0,
2025-12-02T02:31:54.150515,42,5e-05,122,170,152,70,170,170,0.01,3.0777297148824763e-12,6.155459429764953e-08,1e-12,9.999999999999994e-13,5.708353409342259e-08,0.004395253448228708,714.0414941206982,769.9686990359533,10000000000000.0,
2025-12-02T02:31:56.988668,43,5e-05,120,166,152,70,166,166,1e-08,2.2412982138763097e-17,4.4825964277526195e-13,1e-12,1.0000000000000002e-12,4.277762162211031e-13,0.006834809010030007,152.47433312788064,159.77533932128017,10000000000000.0,
2025-12-02T02:31:56.988668,43,5e-05,120,166,152,70,166,166,1e-07,2.241298213876314e-16,4.482596427752628e-12,1e-12,1.0000000000000016e-12,4.277762162211015e-12,0.006834809010030007,152.47433312788036,159.7753393212808,10000000000000.0,
2025-12-02T02:31:56.988668,43,5e-05,120,166,152,70,166,166,1e-06,2.2412982138763078e-15,4.482596427752615e-11,1e-12,1.0000000000000024e-12,4.2777621622110024e-11,0.006834809010030007,152.47433312788078,159.77533932128125,10000000000000.0,
2025-12-02T02:31:56.988668,43,5e-05,120,166,152,70,166,166,1e-05,2.241298213876308e-14,4.4825964277526164e-10,1e-12,9.999999999999945e-13,4.27776216221104e-10,0.006834809010030007,152.47433312788078,159.77533932127986,10000000000000.0,
2025-12-02T02:31:56.988668,43,5e-05,120,166,152,70,166,166,0.0001,2.2412982138763136e-13,4.4825964277526274e-09,1e-12,9.999999999999976e-13,4.2777621622110286e-09,0.006834809010030007,152.4743331278804,159.7753393212803,10000000000000.0,
2025-12-02T02:31:56.988668,43,5e-05,120,166,152,70,166,166,0.001,2.2412982138763037e-12,4.482596427752607e-08,1e-12,1.000000000000004e-12,4.2777621622110054e-08,0.006834809010030007,152.47433312788107,159.77533932128117,10000000000000.0,
2025-12-02T02:31:56.988668,43,5e-05,120,166,152,70,166,166,0.01,2.2412982138763046e-11,4.482596427752609e-07,1e-12,1.0000000000000004e-12,4.277762162211004e-07,0.006834809010030007,152.47433312788098,159.7753393212812,10000000000000.0,
2025-12-02T02:31:57.089795,44,5e-05,120,166,152,70,166,166,1e-08,5.836235889529141e-18,1.1672471779058283e-13,1e-12,9.999999999999963e-13,1.129069913126638e-13,0.0013385576017794203,114.67644789520435,118.55400504585812,10000000000000.0,
2025-12-02T02:31:57.089795,44,5e-05,120,166,152,70,166,166,1e-07,5.836235889528808e-17,1.1672471779057618e-12,1e-12,1.0000000000000016e-12,1.1290699131266615e-12,0.0013385576017794203,114.67644789521087,118.55400504585565,10000000000000.0,
2025-12-02T02:31:57.089795,44,5e-05,120,166,152,70,166,166,1e-06,5.836235889528803e-16,1.1672471779057605e-11,1e-12,9.99999999999997e-13,1.1290699131266284e-11,0.0013385576017794203,114.676447895211,118.55400504585913,10000000000000.0,
2025-12-02T02:31:57.089795,44,5e-05,120,166,152,70,166,166,1e-05,5.8362358895292294e-15,1.167247177905846e-10,1e-12,1.0000000000000006e-12,1.1290699131266754e-10,0.0013385576017794203,114.6764478952026,118.5540050458542,10000000000000.0,
2025-12-02T02:31:57.089795,44,5e-05,120,166,152,70,166,166,0.0001,5.836235889529265e-14,1.167247177905853e-09,1e-12,1.000000000000003e-12,1.1290699131266775e-09,0.0013385576017794203,114.67644789520192,118.55400504585398,10000000000000.0,
2025-12-02T02:31:57.089795,44,5e-05,120,166,152,70,166,166,0.001,5.836235889528851e-13,1.1672471779057703e-08,1e-12,9.999999999999994e-13,1.1290699131266355e-08,0.0013385576017794203,114.67644789521003,118.55400504585837,10000000000000.0,
2025-12-02T02:31:57.089795,44,5e-05,120,166,152,70,166,166,0.01,5.14515027953713e-12,1.029030055907426e-07,1e-12,1.0000000000000002e-12,9.979196332618382e-08,0.0013385576017794203,130.0795437504539,134.13480977462683,10000000000000.0,
2025-12-02T02:31:57.197049,45,5e-05,120,164,156,72,164,164,1e-08,1.89279846670733e-17,3.78559693341466e-13,1e-12,9.999999999999994e-13,3.5599942500333873e-13,0.003998637466458671,105.62766022878843,112.32145856474824,10000000000000.0,
2025-12-02T02:31:57.197049,45,5e-05,120,164,156,72,164,164,1e-07,1.8927984667073331e-16,3.785596933414666e-12,1e-12,9.99999999999998e-13,3.5599942500333664e-12,0.003998637466458671,105.62766022878824,112.3214585647489,10000000000000.0,
2025-12-02T02:31:57.197049,45,5e-05,120,164,156,72,164,164,1e-06,1.8927984667073117e-15,3.785596933414624e-11,1e-12,9.99999999999999e-13,3.559994250033333e-11,0.003998637466458671,105.62766022878944,112.32145856474996,10000000000000.0,
2025-12-02T02:31:57.197049,45,5e-05,120,164,156,72,164,164,1e-05,1.8927984667073348e-14,3.78559693341467e-10,1e-12,1.000000000000001e-12,3.5599942500332897e-10,0.003998637466458671,105.62766022878814,112.32145856475132,10000000000000.0,
2025-12-02T02:31:57.197049,45,5e-05,120,164,156,72,164,164,0.0001,1.892798466707325e-13,3.78559693341465e-09,1e-12,9.99999999999999e-13,3.559994250033357e-09,0.003998637466458671,105.6276602287887,112.32145856474921,10000000000000.0,
2025-12-02T02:31:57.197049,45,5e-05,120,164,156,72,164,164,0.001,1.8927984667072947e-12,3.78559693341459e-08,1e-12,9.99999999999998e-13,3.559994250033377e-08,0.003998637466458671,105.62766022879038,112.32145856474858,10000000000000.0,
2025-12-02T02:31:57.197049,45,5e-05,120,164,156,72,164,164,0.01,1.8927984667073267e-11,3.785596933414653e-07,1e-12,1.0000000000000012e-12,3.5599942500333693e-07,0.003998637466458671,105.62766022878863,112.32145856474882,10000000000000.0,
2025-12-02T02:31:57.300712,46,5e-05,121,166,156,72,166,166,1e-08,4.6288519554006096e-17,9.25770391080122e-13,1e-12,1.0000000000000032e-12,9.017871448891808e-13,0.008822788382560714,95.30212315676809,97.83670606265886,10000000000000.0,
2025-12-02T02:31:57.300712,46,5e-05,121,166,156,72,166,166,1e-07,4.628851955400613e-16,9.257703910801226e-12,1e-12,9.999999999999994e-13,9.017871448891834e-12,0.008822788382560714,95.30212315676802,97.83670606265858,10000000000000.0,
2025-12-02T02:31:57.300712,46,5e-05,121,166,156,72,166,166,1e-06,4.628851955400602e-15,9.257703910801204e-11,1e-12,1.0000000000000002e-12,9.017871448891818e-11,0.008822788382560714,95.30212315676823,97.83670606265873,10000000000000.0,
2025-12-02T02:31:57.300712,46,5e-05,121,166,156,72,166,166,1e-05,4.628851955400596e-14,9.257703910801193e-10,1e-12,1.0000000000000026e-12,9.017871448891783e-10,0.008822788382560714,95.30212315676836,97.83670606265913,10000000000000.0,
2025-12-02T02:31:57.300712,46,5e-05,121,166,156,72,166,166,0.0001,4.628851955400606e-13,9.257703910801211e-09,1e-12,1.0000000000000026e-12,9.017871448891801e-09,0.008822788382560714,95.30212315676818,97.83670606265893,10000000000000.0,
2025-12-02T02:31:57.300712,46,5e-05,121,166,156,72,166,166,0.001,4.628851955400597e-12,9.257703910801194e-08,1e-12,1.0000000000000032e-12,9.017871448891787e-08,0.008822788382560714,95.30212315676836,97.83670606265909,10000000000000.0,
2025-12-02T02:31:57.300712,46,5e-05,121,166,156,72,166,166,0.01,4.628851955400594e-11,9.257703910801189e-07,1e-12,9.999999999999992e-13,9.017871448891832e-07,0.008822788382560714,95.3021231567684,97.8367060626586,10000000000000.0,
2025-12-02T02:31:57.409857,47,5e-05,118,164,148,68,164,164,1e-08,2.023532172643098e-17,4.047064345286196e-13,1e-12,9.999999999999976e-13,3.2456549653968315e-13,0.008337561619045659,206.01504961878862,256.8837941166141,10000000000000.0,
2025-12-02T02:31:57.409857,47,5e-05,118,164,148,68,164,164,1e-07,2.0235321726432363e-16,4.047064345286473e-12,1e-12,1.0000000000000014e-12,3.2456549653966783e-12,0.008337561619045659,206.0150496187745,256.88379411662623,10000000000000.0,
2025-12-02T02:31:57.409857,47,5e-05,118,164,148,68,164,164,1e-06,2.023532172642889e-15,4.047064345285778e-11,1e-12,9.999999999999972e-13,3.245654965396488e-11,0.008337561619045659,206.01504961880988,256.8837941166413,10000000000000.0,
2025-12-02T02:31:57.409857,47,5e-05,118,164,148,68,164,164,1e-05,2.023532172642979e-14,4.0470643452859585e-10,1e-12,9.999999999999996e-13,3.2456549653970524e-10,0.008337561619045659,206.0150496188007,256.8837941165966,10000000000000.0,
2025-12-02T02:31:57.409857,47,5e-05,118,164,148,68,164,164,0.0001,2.023532172643372e-13,4.047064345286744e-09,1e-12,9.99999999999999e-13,3.245654965397268e-09,0.008337561619045659,206.0150496187607,256.88379411657957,10000000000000.0,
2025-12-02T02:31:57.409857,47,5e-05,118,164,148,68,164,164,0.001,2.0235321726432607e-12,4.047064345286521e-08,1e-12,9.999999999999978e-13,3.245654965397028e-08,0.008337561619045659,206.01504961877205,256.88379411659855,10000000000000.0,
2025-12-02T02:31:57.409857,47,5e-05,118,164,148,68,164,164,0.01,2.0235321726429878e-11,4.0470643452859754e-07,1e-12,9.999999999999988e-13,3.24565496539689e-07,0.008337561619045659,206.01504961879985,256.88379411660947,10000000000000.0,
2025-12-02T02:31:57.525910,48,5e-05,124,170,161,74,170,170,1e-08,2.3791068919083423e-17,4.758213783816685e-13,1e-12,1.0000000000000006e-12,4.2595359570028446e-13,0.0043511006751566885,91.44399291085571,102.14964069039746,10000000000000.0,
2025-12-02T02:31:57.525910,48,5e-05,124,170,161,74,170,170,1e-07,2.37910689190837e-16,4.75821378381674e-12,1e-12,1.0000000000000052e-12,4.2595359570028686e-12,0.0043511006751566885,91.44399291085465,102.14964069039688,10000000000000.0,
2025-12-02T02:31:57.525910,48,5e-05,124,170,161,74,170,170,1e-06,2.3791068919083483e-15,4.7582137838166965e-11,1e-12,9.999999999999978e-13,4.2595359570028174e-11,0.0043511006751566885,91.44399291085548,102.14964069039812,10000000000000.0,
2025-12-02T02:31:57.525910,48,5e-05,124,170,161,74,170,170,1e-05,2.379106891908373e-14,4.758213783816747e-10,1e-12,1.0000000000000026e-12,4.259535957002843e-10,0.0043511006751566885,91.44399291085453,102.1496406903975,10000000000000.0,
2025-12-02T02:31:57.525910,48,5e-05,124,170,161,74,170,170,0.0001,2.379106891908406e-13,4.7582137838168125e-09,1e-12,9.999999999999998e-13,4.259535957002936e-09,0.0043511006751566885,91.44399291085325,102.14964069039527,10000000000000.0,
2025-12-02T02:31:57.525910,48,5e-05,124,170,161,74,170,170,0.001,2.379106891908322e-12,4.758213783816644e-08,1e-12,9.999999999999941e-13,4.2595359570029e-08,0.0043511006751566885,91.44399291085651,102.14964069039614,10000000000000.0,
2025-12-02T02:31:57.525910,48,5e-05,124,170,161,74,170,170,0.01,2.3791068919084168e-11,4.7582137838168337e-07,1e-12,9.999999999999998e-13,4.259535957002965e-07,0.0043511006751566885,91.44399291085286,102.14964069039458,10000000000000.0,
2025-12-02T02:31:57.639173,49,5e-05,126,174,160,74,174,174,1e-08,3.047987494670802e-17,6.095974989341604e-13,1e-12,9.999999999999909e-13,5.902232775748902e-13,0.021490789611658814,352.54064606948015,364.1128777563668,10000000000000.0,
2025-12-02T02:31:57.639173,49,5e-05,126,174,160,74,174,174,1e-07,3.0479874946708144e-16,6.095974989341628e-12,1e-12,9.999999999999986e-13,5.902232775748838e-12,0.021490789611658814,352.5406460694787,364.1128777563707,10000000000000.0,
2025-12-02T02:31:57.639173,49,5e-05,126,174,160,74,174,174,1e-06,3.047987494670849e-15,6.095974989341698e-11,1e-12,9.999999999999996e-13,5.902232775748957e-11,0.021490789611658814,352.5406460694747,364.11287775636333,10000000000000.0,
2025-12-02T02:31:57.639173,49,5e-05,126,174,160,74,174,174,1e-05,3.0479874946707956e-14,6.095974989341591e-10,1e-12,9.99999999999998e-13,5.902232775748874e-10,0.021490789611658814,352.5406460694809,364.11287775636856,10000000000000.0,
2025-12-02T02:31:57.639173,49,5e-05,126,174,160,74,174,174,0.0001,3.0479874946707865e-13,6.0959749893415734e-09,1e-12,1.000000000000005e-12,5.902232775748851e-09,0.021490789611658814,352.5406460694819,364.11287775637,10000000000000.0,
2025-12-02T02:31:57.639173,49,5e-05,126,174,160,74,174,174,0.001,3.0479874946708727e-12,6.095974989341746e-08,1e-12,1.0000000000000032e-12,5.9022327757489666e-08,0.021490789611658814,352.5406460694719,364.11287775636276,10000000000000.0,
2025-12-02T02:31:57.639173,49,5e-05,126,174,160,74,174,174,0.01,3.0479874946708126e-11,6.095974989341626e-07,1e-12,1.0000000000000004e-12,5.902232775748912e-07,0.021490789611658814,352.5406460694789,364.1128777563661,10000000000000.0,
2025-12-02T02:31:57.747371,50,0.0001,131,182,164,76,182,182,1e-08,6.843249527471832e-18,6.843249527471833e-14,1e-12,9.999999999999798e-13,6.588412202388549e-14,0.0028458893756242998,415.8681287595374,431.9537527710481,10000000000000.0,
2025-12-02T02:31:57.747371,50,0.0001,131,182,164,76,182,182,1e-07,6.843249527470701e-17,6.8432495274707e-13,1e-12,9.9999999999998e-13,6.588412202387606e-13,0.0028458893756242998,415.86812875960624,431.9537527711099,10000000000000.0,
2025-12-02T02:31:57.747371,50,0.0001,131,182,164,76,182,182,1e-06,6.843249527470949e-16,6.843249527470949e-12,1e-12,9.999999999999683e-13,6.5884122023879245e-12,0.0028458893756242998,415.86812875959106,431.953752771089,10000000000000.0,
2025-12-02T02:31:57.747371,50,0.0001,131,182,164,76,182,182,1e-05,6.843249527470195e-15,6.843249527470195e-11,1e-12,9.999999999999743e-13,6.588412202387587e-11,0.0028458893756242998,415.86812875963693,431.95375277111117,10000000000000.0,
2025-12-02T02:31:57.747371,50,0.0001,131,182,164,76,182,182,0.0001,6.843249527470778e-14,6.843249527470778e-10,1e-12,9.999999999999834e-13,6.588412202386436e-10,0.0028458893756242998,415.8681287596015,431.9537527711866,10000000000000.0,
2025-12-02T02:31:57.747371,50,0.0001,131,182,164,76,182,182,0.001,6.843249527471366e-13,6.843249527471366e-09,1e-12,1.0000000000000014e-12,6.58841220238826e-09,0.0028458893756242998,415.8681287595658,431.95375277106706,10000000000000.0,
2025-12-02T02:31:57.747371,50,0.0001,131,182,164,76,182,182,0.01,6.5209608701669e-12,6.520960870166901e-08,1e-12,1.0000000000000115e-12,6.293383310333338e-08,0.0028458893756242998,436.42178388833986,452.20340718028876,10000000000000.0,
2025-12-02T02:31:57.865269,51,0.0001,123,170,156,72,170,170,1e-08,3.199600062727783e-17,3.199600062727783e-13,1e-12,9.999999999999982e-13,3.0854496674323934e-13,0.002027948210986396,63.3813030137739,65.72618028392554,10000000000000.0,
2025-12-02T02:31:57.865269,51,0.0001,123,170,156,72,170,170,1e-07,3.199600062727773e-16,3.199600062727773e-12,1e-12,9.999999999999982e-13,3.0854496674324337e-12,0.002027948210986396,63.381303013774094,65.72618028392468,10000000000000.0,
2025-12-02T02:31:57.865269,51,0.0001,123,170,156,72,170,170,1e-06,3.199600062727739e-15,3.199600062727739e-11,1e-12,9.999999999999933e-13,3.085449667432426e-11,0.002027948210986396,63.38130301377477,65.72618028392485,10000000000000.0,
2025-12-02T02:31:57.865269,51,0.0001,123,170,156,72,170,170,1e-05,3.199600062727776e-14,3.199600062727776e-10,1e-12,9.999999999999976e-13,3.0854496674324157e-10,0.002027948210986396,63.38130301377404,65.72618028392506,10000000000000.0,
2025-12-02T02:31:57.865269,51,0.0001,123,170,156,72,170,170,0.0001,3.199600062727744e-13,3.199600062727744e-09,1e-12,9.999999999999978e-13,3.0854496674324193e-09,0.002027948210986396,63.38130301377466,65.72618028392499,10000000000000.0,
2025-12-02T02:31:57.865269,51,0.0001,123,170,156,72,170,170,0.001,3.1996000627277415e-12,3.199600062727741e-08,1e-12,1.0000000000000022e-12,3.085449667432342e-08,0.002027948210986396,63.381303013774726,65.72618028392664,10000000000000.0,
2025-12-02T02:31:57.865269,51,0.0001,123,170,156,72,170,170,0.01,3.1996000627277345e-11,3.1996000627277344e-07,1e-12,9.999999999999965e-13,3.0854496674323356e-07,0.002027948210986396,63.38130301377486,65.72618028392678,10000000000000.0,
2025-12-02T02:31:57.991447,52,0.0001,125,172,161,74,172,172,1e-08,4.471961202168382e-17,4.4719612021683824e-13,1e-12,9.999999999999996e-13,4.269058675565737e-13,0.00723214040881805,161.72189520140068,169.40831594121028,10000000000000.0,
2025-12-02T02:31:57.991447,52,0.0001,125,172,161,74,172,172,1e-07,4.471961202168665e-16,4.4719612021686646e-12,1e-12,9.999999999999986e-13,4.26905867556547e-12,0.00723214040881805,161.72189520139048,169.40831594122085,10000000000000.0,
2025-12-02T02:31:57.991447,52,0.0001,125,172,161,74,172,172,1e-06,4.471961202168474e-15,4.4719612021684744e-11,1e-12,1.0000000000000034e-12,4.2690586755656514e-11,0.00723214040881805,161.72189520139736,169.40831594121366,10000000000000.0,
2025-12-02T02:31:57.991447,52,0.0001,125,172,161,74,172,172,1e-05,4.471961202169194e-14,4.471961202169194e-10,1e-12,9.999999999999986e-13,4.269058675566045e-10,0.00723214040881805,161.72189520137138,169.40831594119805,10000000000000.0,
2025-12-02T02:31:57.991447,52,0.0001,125,172,161,74,172,172,0.0001,4.471961202168737e-13,4.471961202168737e-09,1e-12,9.99999999999998e-13,4.269058675565064e-09,0.00723214040881805,161.72189520138787,169.408315941237,10000000000000.0,
2025-12-02T02:31:57.991447,52,0.0001,125,172,161,74,172,172,0.001,3.349103020193358e-12,3.349103020193358e-08,1e-12,1.0000000000000008e-12,3.1533677973611065e-08,0.00723214040881805,215.94260807183255,229.3465549711728,10000000000000.0,
2025-12-02T02:31:57.991447,52,0.0001,125,172,161,74,172,172,0.01,4.4719612021686004e-11,4.4719612021686006e-07,1e-12,1.0000000000000022e-12,4.2690586755657793e-07,0.00723214040881805,161.7218952013928,169.4083159412086,10000000000000.0,
2025-12-02T02:31:58.125093,53,0.0001,124,172,156,72,172,172,1e-08,4.975957813701802e-18,4.975957813701802e-14,1e-12,9.999999999999994e-13,4.79982804822772e-14,0.00207299006747336,416.6012142959035,431.8884023853286,10000000000000.0,
2025-12-02T02:31:58.125093,53,0.0001,124,172,156,72,172,172,1e-07,4.975957813702181e-17,4.975957813702181e-13,1e-12,1.0000000000000014e-12,4.799828048227755e-13,0.00207299006747336,416.60121429587184,431.88840238532543,10000000000000.0,
2025-12-02T02:31:58.125093,53,0.0001,124,172,156,72,172,172,1e-06,4.975957813702054e-16,4.9759578137020535e-12,1e-12,9.999999999999986e-13,4.799828048227812e-12,0.00207299006747336,416.6012142958824,431.88840238532026,10000000000000.0,
2025-12-02T02:31:58.125093,53,0.0001,124,172,156,72,172,172,1e-05,4.975957813701688e-15,4.975957813701688e-11,1e-12,9.999999999999976e-13,4.7998280482273877e-11,0.00207299006747336,416.60121429591317,431.8884023853586,10000000000000.0,
2025-12-02T02:31:58.125093,53,0.0001,124,172,156,72,172,172,0.0001,4.9759578137019707e-14,4.975957813701971e-10,1e-12,9.99999999999997e-13,4.799828048227831e-10,0.00207299006747336,416.6012142958894,431.88840238531867,10000000000000.0,
2025-12-02T02:31:58.125093,53,0.0001,124,172,156,72,172,172,0.001,4.975957813702198e-13,4.975957813702198e-09,1e-12,1.0000000000000028e-12,4.799828048227707e-09,0.00207299006747336,416.60121429587036,431.88840238532975,10000000000000.0,
2025-12-02T02:31:58.125093,53,0.0001,124,172,156,72,172,172,0.01,4.975957813701915e-12,4.9759578137019154e-08,1e-12,1.000000000000002e-12,4.799828048227734e-08,0.00207299006747336,416.60121429589407,431.88840238532737,10000000000000.0,
2025-12-02T02:31:58.292013,54,0.0001,115,158,148,68,158,158,1e-08,1.5054537486500484e-17,1.5054537486500485e-13,1e-12,9.999999999999974e-13,1.36251588114318e-13,0.025478620752662207,1692.4213563856795,1869.9687178167128,10000000000000.0,
2025-12-02T02:31:58.292013,54,0.0001,115,158,148,68,158,158,1e-07,1.505453748650065e-16,1.505453748650065e-12,1e-12,1.0000000000000004e-12,1.362515881143275e-12,0.025478620752662207,1692.4213563856608,1869.9687178165825,10000000000000.0,
2025-12-02T02:31:58.292013,54,0.0001,115,158,148,68,158,158,1e-06,1.5054537486500878e-15,1.505453748650088e-11,1e-12,1.0000000000000004e-12,1.3625158811431881e-11,0.025478620752662207,1692.421356385635,1869.9687178167014,10000000000000.0,
2025-12-02T02:31:58.292013,54,0.0001,115,158,148,68,158,158,1e-05,1.50545374865004e-14,1.50545374865004e-10,1e-12,9.999999999999967e-13,1.3625158811432697e-10,0.025478620752662207,1692.4213563856893,1869.9687178165898,10000000000000.0,
2025-12-02T02:31:58.292013,54,0.0001,115,158,148,68,158,158,0.0001,1.5054537486499546e-13,1.5054537486499548e-09,1e-12,1.0000000000000008e-12,1.3625158811430637e-09,0.025478620752662207,1692.4213563857847,1869.9687178168722,10000000000000.0,
2025-12-02T02:31:58.292013,54,0.0001,115,158,148,68,158,158,0.001,1.5054537486499523e-12,1.5054537486499524e-08,1e-12,9.999999999999976e-13,1.3625158811432083e-08,0.025478620752662207,1692.4213563857875,1869.9687178166737,10000000000000.0,
2025-12-02T02:31:58.292013,54,0.0001,115,158,148,68,158,158,0.01,1.5054537486500384e-11,1.5054537486500385e-07,1e-12,1.000000000000001e-12,1.3625158811431907e-07,0.025478620752662207,1692.4213563856908,1869.968717816698,10000000000000.0,
2025-12-02T02:31:58.431008,55,0.0001,122,168,156,72,168,168,1e-08,2.293464218908893e-17,2.293464218908893e-13,1e-12,9.999999999999984e-13,2.1315726664006548e-13,0.003407442434869407,148.5718594070975,159.85579514036314,10000000000000.0,
2025-12-02T02:31:58.431008,55,0.0001,122,168,156,72,168,168,1e-07,2.293464218909071e-16,2.293464218909071e-12,1e-12,1.0000000000000004e-12,2.131572666400584e-12,0.003407442434869407,148.57185940708595,159.85579514036846,10000000000000.0,
2025-12-02T02:31:58.431008,55,0.0001,122,168,156,72,168,168,1e-06,2.2934642189089553e-15,2.2934642189089555e-11,1e-12,1.0000000000000028e-12,2.1315726664007584e-11,0.003407442434869407,148.57185940709343,159.85579514035538,10000000000000.0,
2025-12-02T02:31:58.431008,55,0.0001,122,168,156,72,168,168,1e-05,2.2934642189089972e-14,2.2934642189089972e-10,1e-12,1.0000000000000002e-12,2.1315726664006168e-10,0.003407442434869407,148.57185940709073,159.85579514036598,10000000000000.0,
2025-12-02T02:31:58.431008,55,0.0001,122,168,156,72,168,168,0.0001,2.293464218908767e-13,2.293464218908767e-09,1e-12,9.99999999999995e-13,2.1315726664006423e-09,0.003407442434869407,148.57185940710565,159.85579514036408,10000000000000.0,
2025-12-02T02:31:58.431008,55,0.0001,122,168,156,72,168,168,0.001,2.2934642189088458e-12,2.2934642189088457e-08,1e-12,1.000000000000001e-12,2.1315726664006633e-08,0.003407442434869407,148.57185940710056,159.85579514036252,10000000000000.0,
2025-12-02T02:31:58.431008,55,0.0001,122,168,156,72,168,168,0.01,2.29346421890908e-11,2.29346421890908e-07,1e-12,9.999999999999982e-13,2.1315726664007905e-07,0.003407442434869407,148.57185940708538,159.855795140353,10000000000000.0,
2025-12-02T02:31:58.586484,56,0.0001,127,176,165,74,176,176,1e-08,2.942217401864117e-17,2.9422174018641174e-13,1e-12,1.0000000000000014e-12,2.701394982226828e-13,0.02366784298324327,804.4219631169301,876.1341136324044,10000000000000.0,
2025-12-02T02:31:58.586484,56,0.0001,127,176,165,74,176,176,1e-07,2.942217401864116e-16,2.9422174018641162e-12,1e-12,9.999999999999982e-13,2.7013949822268376e-12,0.02366784298324327,804.4219631169304,876.1341136324014,10000000000000.0,
2025-12-02T02:31:58.586484,56,0.0001,127,176,165,74,176,176,1e-06,2.942217401864112e-15,2.942217401864112e-11,1e-12,9.999999999999998e-13,2.701394982226831e-11,0.02366784298324327,804.4219631169317,876.1341136324035,10000000000000.0,
2025-12-02T02:31:58.586484,56,0.0001,127,176,165,74,176,176,1e-05,2.9422174018641164e-14,2.9422174018641165e-10,1e-12,9.999999999999978e-13,2.7013949822268376e-10,0.02366784298324327,804.4219631169304,876.1341136324014,10000000000000.0,
2025-12-02T02:31:58.586484,56,0.0001,127,176,165,74,176,176,0.0001,2.9422174018641144e-13,2.9422174018641146e-09,1e-12,9.99999999999997e-13,2.701394982226838e-09,0.02366784298324327,804.4219631169309,876.1341136324014,10000000000000.0,
2025-12-02T02:31:58.586484,56,0.0001,127,176,165,74,176,176,0.001,2.9422174018641138e-12,2.942217401864114e-08,1e-12,1.000000000000003e-12,2.701394982226824e-08,0.02366784298324327,804.4219631169311,876.1341136324057,10000000000000.0,
2025-12-02T02:31:58.586484,56,0.0001,127,176,165,74,176,176,0.01,2.9422174018641176e-11,2.942217401864118e-07,1e-12,9.999999999999992e-13,2.7013949822268336e-07,0.02366784298324327,804.42196311693,876.1341136324027,10000000000000.0,
2025-12-02T02:31:58.736105,57,0.0001,125,172,160,74,172,172,1e-08,1.5134275341437694e-16,1.5134275341437693e-12,1e-12,9.999999999999978e-13,1.3971925247913092e-12,0.010766832116195292,71.14203933316631,77.06047609869279,10000000000000.0,
2025-12-02T02:31:58.736105,57,0.0001,125,172,160,74,172,172,1e-07,1.513427534143767e-15,1.513427534143767e-11,1e-12,1.0000000000000014e-12,1.3971925247913049e-11,0.010766832116195292,71.14203933316641,77.06047609869303,10000000000000.0,
2025-12-02T02:31:58.736105,57,0.0001,125,172,160,74,172,172,1e-06,1.5134275341437568e-14,1.5134275341437569e-10,1e-12,1.0000000000000044e-12,1.397192524791301e-10,0.010766832116195292,71.14203933316688,77.06047609869324,10000000000000.0,
2025-12-02T02:31:58.736105,57,0.0001,125,172,160,74,172,172,1e-05,1.5134275341437573e-13,1.5134275341437573e-09,1e-12,9.999999999999994e-13,1.3971925247913213e-09,0.010766832116195292,71.14203933316688,77.06047609869213,10000000000000.0,
2025-12-02T02:31:58.736105,57,0.0001,125,172,160,74,172,172,0.0001,1.5134275341437639e-12,1.513427534143764e-08,1e-12,1.0000000000000026e-12,1.3971925247913115e-08,0.010766832116195292,71.14203933316655,77.06047609869266,10000000000000.0,
2025-12-02T02:31:58.736105,57,0.0001,125,172,160,74,172,172,0.001,1.5134275341437625e-11,1.5134275341437626e-07,1e-12,9.999999999999994e-13,1.3971925247913083e-07,0.010766832116195292,71.14203933316662,77.06047609869285,10000000000000.0,
2025-12-02T02:31:58.736105,57,0.0001,125,172,160,74,172,172,0.01,1.51342753414377e-10,1.51342753414377e-06,1e-12,1.0000000000000038e-12,1.397192524791308e-06,0.010766832116195292,71.14203933316627,77.06047609869286,10000000000000.0,
2025-12-02T02:31:58.888485,58,0.0002,680,1124,646,232,1124,1124,1e-08,4.98908189254572e-16,2.49454094627286e-12,1e-12,1.0000000000000002e-12,5.041377638504996e-13,0.01622096622401473,65.025856754329,321.7566186695152,10000000000000.0,
2025-12-02T02:31:58.888485,58,0.0002,680,1124,646,232,1124,1124,1e-07,4.989081892545524e-15,2.4945409462727618e-11,1e-12,1.0000000000000002e-12,5.0413776385049755e-12,0.01622096622401473,65.02585675433156,321.75661866951646,10000000000000.0,
2025-12-02T02:31:58.888485,58,0.0002,680,1124,646,232,1124,1124,1e-06,4.98908189254589e-14,2.494540946272945e-10,1e-12,1.0000000000000014e-12,5.041377638505063e-11,0.01622096622401473,65.02585675432678,321.75661866951094,10000000000000.0,
2025-12-02T02:31:58.888485,58,0.0002,680,1124,646,232,1124,1124,1e-05,4.989081892545733e-13,2.4945409462728663e-09,1e-12,9.99999999999998e-13,5.041377638505047e-10,0.01622096622401473,65.02585675432884,321.756618669512,10000000000000.0,
2025-12-02T02:31:58.888485,58,0.0002,680,1124,646,232,1124,1124,0.0001,4.801083987132112e-12,2.400541993566056e-08,1e-12,1.0000000000000014e-12,2.372745765767488e-08,0.01622096622401473,67.57209941542469,68.36369263846478,10000000000000.0,
2025-12-02T02:31:58.888485,58,0.0002,680,1124,646,232,1124,1124,0.001,4.822715706496431e-11,2.4113578532482153e-07,1e-12,1.0000000000000014e-12,7.343655620401179e-08,0.01622096622401473,67.26901277703062,220.88408093309516,10000000000000.0,
2025-12-02T02:31:58.888485,58,0.0002,680,1124,646,232,1124,1124,0.01,4.989081892545747e-10,2.4945409462728734e-06,1e-12,1.0000000000000014e-12,5.041377638505022e-07,0.01622096622401473,65.02585675432866,321.75661866951356,10000000000000.0,
2025-12-02T02:31:59.170353,59,0.0002,675,1110,656,236,1110,1110,1e-08,8.023549552514436e-17,4.011774776257218e-13,1e-12,1.0000000000000085e-12,2.4594294364405575e-13,0.020638148451177136,514.4393591913323,839.1437520177841,10000000000000.0,
2025-12-02T02:31:59.170353,59,0.0002,675,1110,656,236,1110,1110,1e-07,8.023549552509998e-16,4.011774776254999e-12,1e-12,9.999999999999941e-13,2.459429436440847e-12,0.020638148451177136,514.4393591916167,839.1437520176851,10000000000000.0,
2025-12-02T02:31:59.170353,59,0.0002,675,1110,656,236,1110,1110,1e-06,8.023549552513633e-15,4.011774776256816e-11,1e-12,1.0000000000000163e-12,2.4594294364406076e-11,0.020638148451177136,514.4393591913838,839.1437520177669,10000000000000.0,
2025-12-02T02:31:59.170353,59,0.0002,675,1110,656,236,1110,1110,1e-05,8.02354955251364e-14,4.01177477625682e-10,1e-12,9.99999999999997e-13,2.459429436440437e-10,0.020638148451177136,514.4393591913833,839.1437520178254,10000000000000.0,
2025-12-02T02:31:59.170353,59,0.0002,675,1110,656,236,1110,1110,0.0001,8.02354955251232e-13,4.01177477625616e-09,1e-12,1.0000000000000054e-12,2.459429436440311e-09,0.020638148451177136,514.4393591914679,839.1437520178682,10000000000000.0,
2025-12-02T02:31:59.170353,59,0.0002,675,1110,656,236,1110,1110,0.001,8.023549552513835e-12,4.0117747762569175e-08,1e-12,1.000000000000001e-12,2.4594294364401726e-08,0.020638148451177136,514.4393591913708,839.1437520179154,10000000000000.0,
2025-12-02T02:31:59.170353,59,0.0002,675,1110,656,236,1110,1110,0.01,8.023549552513185e-11,4.011774776256593e-07,1e-12,9.999999999999994e-13,2.459429436441074e-07,0.020638148451177136,514.4393591914124,839.1437520176079,10000000000000.0,
2025-12-02T02:31:59.373844,60,0.0002,694,1140,688,244,1140,1140,1e-08,7.096353415407746e-16,3.548176707703873e-12,1e-12,9.999999999999967e-13,4.988669465004274e-13,0.01526284285020577,43.01601669687639,305.9501728321601,10000000000000.0,
2025-12-02T02:31:59.373844,60,0.0002,694,1140,688,244,1140,1140,1e-07,7.09635341540773e-15,3.5481767077038654e-11,1e-12,9.999999999999974e-13,4.988669465004274e-12,0.01526284285020577,43.01601669687648,305.95017283216004,10000000000000.0,
2025-12-02T02:31:59.373844,60,0.0002,694,1140,688,244,1140,1140,1e-06,7.09635341540769e-14,3.5481767077038446e-10,1e-12,1.000000000000003e-12,4.988669465004271e-11,0.01526284285020577,43.01601669687673,305.9501728321602,10000000000000.0,
2025-12-02T02:31:59.373844,60,0.0002,694,1140,688,244,1140,1140,1e-05,4.764827783661296e-13,2.382413891830648e-09,1e-12,1.0000000000000026e-12,2.30578119881223e-09,0.01526284285020577,64.06461489559985,66.19380389634573,10000000000000.0,
2025-12-02T02:31:59.373844,60,0.0002,694,1140,688,244,1140,1140,0.0001,6.534694609374028e-12,3.2673473046870144e-08,1e-12,9.999999999999988e-13,2.8689298908901576e-08,0.01526284285020577,46.713255209543235,53.20047345412854,10000000000000.0,
2025-12-02T02:31:59.373844,60,0.0002,694,1140,688,244,1140,1140,0.001,6.832289229843167e-11,3.4161446149215836e-07,1e-12,9.999999999999967e-13,7.009994729346288e-08,0.01526284285020577,44.67856186046188,217.7297336089309,10000000000000.0,
2025-12-02T02:31:59.373844,60,0.0002,694,1140,688,244,1140,1140,0.01,7.096353415407686e-10,3.5481767077038434e-06,1e-12,1.0000000000000044e-12,4.988669465004259e-07,0.01526284285020577,43.016016696876754,305.950172832161,10000000000000.0,
2025-12-02T02:31:59.576422,61,0.0002,685,1130,662,236,1130,1130,1e-08,1.0103317640511639e-15,5.0516588202558195e-12,1e-12,1.0000000000000022e-12,5.843475905558162e-13,0.018966001955277395,37.5441070549514,324.5671285687587,10000000000000.0,
2025-12-02T02:31:59.576422,61,0.0002,685,1130,662,236,1130,1130,1e-07,1.01033176405116e-14,5.0516588202558e-11,1e-12,1.000000000000001e-12,5.84347590555816e-12,0.018966001955277395,37.54410705495154,324.5671285687588,10000000000000.0,
2025-12-02T02:31:59.576422,61,0.0002,685,1130,662,236,1130,1130,1e-06,1.010331764051168e-13,5.05165882025584e-10,1e-12,9.999999999999982e-13,5.84347590555817e-11,0.018966001955277395,37.54410705495124,324.5671285687582,10000000000000.0,
2025-12-02T02:31:59.576422,61,0.0002,685,1130,662,236,1130,1130,1e-05,1.0103317640511761e-12,5.0516588202558805e-09,1e-12,9.999999999999988e-13,5.843475905558174e-10,0.018966001955277395,37.54410705495095,324.56712856875805,10000000000000.0,
2025-12-02T02:31:59.576422,61,0.0002,685,1130,662,236,1130,1130,0.0001,9.867161499636018e-12,4.933580749818009e-08,1e-12,9.999999999999965e-13,4.5035919541650396e-08,0.018966001955277395,38.44267058155887,42.113055863636006,10000000000000.0,
2025-12-02T02:31:59.576422,61,0.0002,685,1130,662,236,1130,1130,0.001,9.928779373043898e-11,4.96438968652195e-07,1e-12,9.99999999999998e-13,5.358954298102249e-08,0.018966001955277395,38.20409587661715,353.9123661120561,10000000000000.0,
2025-12-02T02:31:59.576422,61,0.0002,685,1130,662,236,1130,1130,0.01,1.0103317640511722e-09,5.051658820255861e-06,1e-12,9.999999999999986e-13,5.84347590555816e-07,0.018966001955277395,37.544107054951084,324.5671285687588,10000000000000.0,
2025-12-02T02:31:59.780640,62,0.0002,681,1134,628,224,1134,1134,1e-08,4.2429377981698994e-16,2.1214688990849496e-12,1e-12,1.0000000000000018e-12,3.7391784702345444e-13,0.017875231122361248,84.25874699398774,478.0523653699793,10000000000000.0,
2025-12-02T02:31:59.780640,62,0.0002,681,1134,628,224,1134,1134,1e-07,4.242937798169914e-15,2.1214688990849572e-11,1e-12,1.0000000000000022e-12,3.739178470234545e-12,0.017875231122361248,84.25874699398743,478.05236536997916,10000000000000.0,
2025-12-02T02:31:59.780640,62,0.0002,681,1134,628,224,1134,1134,1e-06,4.2429377981699324e-14,2.1214688990849662e-10,1e-12,9.999999999999976e-13,3.7391784702345625e-11,0.017875231122361248,84.25874699398709,478.05236536997705,10000000000000.0,
2025-12-02T02:31:59.780640,62,0.0002,681,1134,628,224,1134,1134,1e-05,4.242937798169916e-13,2.121468899084958e-09,1e-12,9.999999999999961e-13,3.739178470234572e-10,0.017875231122361248,84.25874699398742,478.05236536997586,10000000000000.0,
2025-12-02T02:31:59.780640,62,0.0002,681,1134,628,224,1134,1134,0.0001,3.9450230273936105e-12,1.9725115136968053e-08,1e-12,1.0000000000000002e-12,1.4163119541411506e-08,0.017875231122361248,90.62168204463444,126.20970309610047,10000000000000.0,
2025-12-02T02:31:59.780640,62,0.0002,681,1134,628,224,1134,1134,0.001,3.9540881486337866e-11,1.9770440743168934e-07,1e-12,9.999999999999994e-13,7.282981010090348e-08,0.017875231122361248,90.41392326338239,245.43838707797892,10000000000000.0,
2025-12-02T02:31:59.780640,62,0.0002,681,1134,628,224,1134,1134,0.01,4.24293779816989e-10,2.121468899084945e-06,1e-12,1.0000000000000008e-12,3.7391784702345516e-07,0.017875231122361248,84.25874699398793,478.0523653699784,10000000000000.0,
2025-12-02T02:32:00.001446,63,0.0002,705,1158,693,248,1158,1158,1e-08,1.3235482824957468e-15,6.617741412478734e-12,1e-12,1.0000000000000022e-12,6.094413188232114e-13,0.011136164100417074,16.827741379284152,182.7274219266956,10000000000000.0,
2025-12-02T02:32:00.001446,63,0.0002,705,1158,693,248,1158,1158,1e-07,1.3235482824957426e-14,6.617741412478713e-11,1e-12,9.99999999999999e-13,6.094413188232126e-12,0.011136164100417074,16.827741379284205,182.72742192669517,10000000000000.0,
2025-12-02T02:32:00.001446,63,0.0002,705,1158,693,248,1158,1158,1e-06,1.3235482824957446e-13,6.617741412478723e-10,1e-12,9.999999999999986e-13,6.094413188232135e-11,0.011136164100417074,16.82774137928418,182.72742192669492,10000000000000.0,
2025-12-02T02:32:00.001446,63,0.0002,705,1158,693,248,1158,1158,1e-05,1.2410009442124988e-12,6.205004721062493e-09,1e-12,1.0000000000000004e-12,6.146767063682649e-09,0.011136164100417074,17.947067892818964,18.11710771702024,10000000000000.0,
2025-12-02T02:32:00.001446,63,0.0002,705,1158,693,248,1158,1158,0.0001,1.3094550126529862e-11,6.54727506326493e-08,1e-12,9.999999999999998e-13,5.621773396386226e-08,0.011136164100417074,17.008853290583765,19.80898786773511,10000000000000.0,
2025-12-02T02:32:00.001446,63,0.0002,705,1158,693,248,1158,1158,0.001,1.3154580424583672e-10,6.577290212291836e-07,1e-12,1.0000000000000014e-12,1.0708249028009272e-07,0.011136164100417074,16.93123420281118,103.99612552237546,10000000000000.0,
2025-12-02T02:32:00.001446,63,0.0002,705,1158,693,248,1158,1158,0.01,1.3235482824957456e-09,6.617741412478728e-06,1e-12,1.0000000000000022e-12,6.09441318823213e-07,0.011136164100417074,16.827741379284166,182.7274219266951,10000000000000.0,
2025-12-02T02:32:00.209888,64,0.0002,677,1138,579,212,1138,1138,1e-08,5.836570951728121e-16,2.9182854758640607e-12,1e-12,1.0000000000000012e-12,3.317622626450482e-13,0.010502650219349584,35.98911177886018,316.5715755497589,10000000000000.0,
2025-12-02T02:32:00.209888,64,0.0002,677,1138,579,212,1138,1138,1e-07,5.836570951728104e-15,2.918285475864052e-11,1e-12,9.999999999999998e-13,3.317622626450488e-12,0.010502650219349584,35.989111778860284,316.57157554975834,10000000000000.0,
2025-12-02T02:32:00.209888,64,0.0002,677,1138,579,212,1138,1138,1e-06,5.836570951728127e-14,2.9182854758640636e-10,1e-12,1.0000000000000006e-12,3.3176226264504896e-11,0.010502650219349584,35.989111778860135,316.57157554975817,10000000000000.0,
2025-12-02T02:32:00.209888,64,0.0002,677,1138,579,212,1138,1138,1e-05,5.836570951728113e-13,2.9182854758640564e-09,1e-12,9.999999999999986e-13,3.3176226264504875e-10,0.010502650219349584,35.989111778860234,316.5715755497584,10000000000000.0,
2025-12-02T02:32:00.209888,64,0.0002,677,1138,579,212,1138,1138,0.0001,5.637401470248977e-12,2.8187007351244885e-08,1e-12,1.0000000000000006e-12,2.3775047675184423e-08,0.010502650219349584,37.26060765683142,44.175096356639024,10000000000000.0,
2025-12-02T02:32:00.209888,64,0.0002,677,1138,579,212,1138,1138,0.001,5.653947939557309e-11,2.8269739697786543e-07,1e-12,1.0000000000000002e-12,1.1038002475091708e-07,0.010502650219349584,37.151563232016315,95.14991723411735,10000000000000.0,
2025-12-02T02:32:00.209888,64,0.0002,677,1138,579,212,1138,1138,0.01,5.836570951728191e-10,2.9182854758640956e-06,1e-12,1.000000000000001e-12,3.3176226264504847e-07,0.010502650219349584,35.98911177885975,316.5715755497587,10000000000000.0,
2025-12-02T02:32:00.439336,65,0.0002,683,1126,647,236,1126,1126,1e-08,2.964478486346218e-16,1.482239243173109e-12,1e-12,9.999999999999994e-13,6.275410795935965e-13,0.013687478507203386,92.3432473552776,218.11286865981063,10000000000000.0,
2025-12-02T02:32:00.439336,65,0.0002,683,1126,647,236,1126,1126,1e-07,2.9644784863462135e-15,1.4822392431731067e-11,1e-12,9.999999999999994e-13,6.2754107959359626e-12,0.013687478507203386,92.34324735527774,218.1128686598107,10000000000000.0,
2025-12-02T02:32:00.439336,65,0.0002,683,1126,647,236,1126,1126,1e-06,2.964478486346217e-14,1.4822392431731087e-10,1e-12,1e-12,6.275410795935975e-11,0.013687478507203386,92.34324735527761,218.11286865981026,10000000000000.0,
2025-12-02T02:32:00.439336,65,0.0002,683,1126,647,236,1126,1126,1e-05,2.9644784863462166e-13,1.4822392431731084e-09,1e-12,9.999999999999994e-13,6.275410795935959e-10,0.013687478507203386,92.34324735527764,218.11286865981086,10000000000000.0,
2025-12-02T02:32:00.439336,65,0.0002,683,1126,647,236,1126,1126,0.0001,2.964478486346209e-12,1.4822392431731045e-08,1e-12,9.999999999999996e-13,6.275410795935967e-09,0.013687478507203386,92.34324735527788,218.11286865981054,10000000000000.0,
2025-12-02T02:32:00.439336,65,0.0002,683,1126,647,236,1126,1126,0.001,2.2724564396418474e-11,1.1362282198209236e-07,1e-12,9.999999999999992e-13,5.758503095080255e-08,0.013687478507203386,120.4641661633841,237.69160632903382,10000000000000.0,
2025-12-02T02:32:00.439336,65,0.0002,683,1126,647,236,1126,1126,0.01,2.9644784863462237e-10,1.4822392431731116e-06,1e-12,1.0000000000000006e-12,6.275410795935958e-07,0.013687478507203386,92.34324735527744,218.11286865981086,10000000000000.0,
